"id","exam_id","question_id","module_type","question_number"
"120","22744096-2398-4af4-bbfa-6a0cbd4abdea","717c6f40-ecdf-4f31-a85d-1948a954dcde","english1","1"
"121","22744096-2398-4af4-bbfa-6a0cbd4abdea","b6a2e464-3488-4c08-93ea-afb3b91ce1ea","english1","2"
"122","22744096-2398-4af4-bbfa-6a0cbd4abdea","96c1d0e2-8f4a-4513-99d0-01255137779f","english1","3"
"123","22744096-2398-4af4-bbfa-6a0cbd4abdea","1af15599-6c28-4d34-93d8-d8fe6fd55d36","english1","4"
"124","22744096-2398-4af4-bbfa-6a0cbd4abdea","bdbebc08-a291-4be6-bbe0-be6150491c4d","english1","5"
"125","22744096-2398-4af4-bbfa-6a0cbd4abdea","c16a91d1-5bb0-4c4a-8967-d03af7e15862","english1","6"
"126","22744096-2398-4af4-bbfa-6a0cbd4abdea","e4be1113-d570-4d18-8e1e-a7b62d1a2e86","english1","7"
"127","22744096-2398-4af4-bbfa-6a0cbd4abdea","9661dc10-1e4a-425b-a4f5-8c4f58564149","english1","8"
"128","22744096-2398-4af4-bbfa-6a0cbd4abdea","7799e17b-4cdf-4cdc-bb7e-5087d39237aa","english1","9"
"129","22744096-2398-4af4-bbfa-6a0cbd4abdea","1b8e0d6e-3589-4c9f-b9eb-4af2e03cdd99","english1","10"
"130","22744096-2398-4af4-bbfa-6a0cbd4abdea","f5a9e4ed-12dc-4619-9f0c-da8c998f7655","english1","11"
"131","22744096-2398-4af4-bbfa-6a0cbd4abdea","6ce985ac-4659-4516-b768-42f70bfe5f5e","english1","12"
"132","22744096-2398-4af4-bbfa-6a0cbd4abdea","34b6ac57-cafd-4c43-b55a-234dd3d82172","english1","13"
"133","22744096-2398-4af4-bbfa-6a0cbd4abdea","73532ea6-197c-4c5d-9b65-85afd25dbffb","english1","14"
"134","22744096-2398-4af4-bbfa-6a0cbd4abdea","1c5973b3-571c-4b62-8f53-87419333ea72","english1","15"
"135","22744096-2398-4af4-bbfa-6a0cbd4abdea","f776e10a-8a1a-4bb7-9157-db6f52c8dff1","english1","16"
"136","22744096-2398-4af4-bbfa-6a0cbd4abdea","c8ea0e1c-3e13-4562-b6c6-eee9c23086f5","english1","17"
"137","22744096-2398-4af4-bbfa-6a0cbd4abdea","a7256bfd-209f-4e73-b768-b664d1cd4f8e","english1","18"
"138","22744096-2398-4af4-bbfa-6a0cbd4abdea","5558b964-912c-495e-9a74-187e25e605c1","english1","19"
"139","22744096-2398-4af4-bbfa-6a0cbd4abdea","2d34dd64-544a-4569-8bce-b049a04a5761","english1","20"
"140","22744096-2398-4af4-bbfa-6a0cbd4abdea","49f79d58-a1aa-4a89-8a2f-b9efa070d4fd","english1","21"
"141","22744096-2398-4af4-bbfa-6a0cbd4abdea","9a29f451-7740-4ebc-81d3-0e6447809b67","english1","22"
"142","22744096-2398-4af4-bbfa-6a0cbd4abdea","211af6c3-58c5-4974-b13a-b935d427c138","english1","23"
"143","22744096-2398-4af4-bbfa-6a0cbd4abdea","e013d222-b43b-49f5-a334-68234fc5c9da","english1","24"
"144","22744096-2398-4af4-bbfa-6a0cbd4abdea","c118bc54-3b8a-4065-92f9-db2e3730dd1f","english1","25"
"145","22744096-2398-4af4-bbfa-6a0cbd4abdea","66513b1d-9800-4dd3-b273-832207b38877","english1","26"
"146","22744096-2398-4af4-bbfa-6a0cbd4abdea","54b33080-a01d-406d-ba10-a7414a90856b","english1","27"
"147","22744096-2398-4af4-bbfa-6a0cbd4abdea","f1cb2c4a-8ed8-47c1-a68f-47d2914c3500","english2","1"
"148","22744096-2398-4af4-bbfa-6a0cbd4abdea","89ade8a5-c352-4454-99ef-8cf210f97658","english2","2"
"149","22744096-2398-4af4-bbfa-6a0cbd4abdea","4f2f345b-fab6-4a82-9d6f-a6328f7afa27","english2","3"
"150","22744096-2398-4af4-bbfa-6a0cbd4abdea","b4e2b639-e402-408a-a508-42e8321a9782","english2","4"
"151","22744096-2398-4af4-bbfa-6a0cbd4abdea","1a484388-53a1-4e4b-9efa-00911d217bf1","english2","5"
"152","22744096-2398-4af4-bbfa-6a0cbd4abdea","c14220ff-b2b8-46fe-ae30-d409887d94e9","english2","6"
"153","22744096-2398-4af4-bbfa-6a0cbd4abdea","333119b0-851b-4349-b034-1572efefae1e","english2","7"
"154","22744096-2398-4af4-bbfa-6a0cbd4abdea","02620ba9-4207-4528-bfd4-ad1bdfdcbf99","english2","8"
"155","22744096-2398-4af4-bbfa-6a0cbd4abdea","df50fb85-8dac-4d17-814a-dcf3259d975f","english2","9"
"156","22744096-2398-4af4-bbfa-6a0cbd4abdea","594992f0-f348-4654-8a9a-1cfd3a7f9857","english2","10"
"157","22744096-2398-4af4-bbfa-6a0cbd4abdea","d7893577-0407-4b4b-8af7-2a14a840321a","english2","11"
"158","22744096-2398-4af4-bbfa-6a0cbd4abdea","f0c49c61-78af-4279-adec-2e42d6b0ac88","english2","12"
"159","22744096-2398-4af4-bbfa-6a0cbd4abdea","a5a37fa0-e8ea-437c-8601-2296e2947ef3","english2","13"
"160","22744096-2398-4af4-bbfa-6a0cbd4abdea","8abdda4e-0eb7-493f-9bf8-41d872dee10e","english2","14"
"161","22744096-2398-4af4-bbfa-6a0cbd4abdea","c4b202e8-aaf5-4bf8-9542-13df7aba8f49","english2","15"
"162","22744096-2398-4af4-bbfa-6a0cbd4abdea","4fac9692-c4b8-4e09-99b0-ee804f6adcaf","english2","16"
"163","22744096-2398-4af4-bbfa-6a0cbd4abdea","6ea23524-8a5d-4a27-bbae-62524225a122","english2","17"
"164","22744096-2398-4af4-bbfa-6a0cbd4abdea","ee6e0611-9fc0-4b38-bcbc-edbf2d1dd5e4","english2","18"
"165","22744096-2398-4af4-bbfa-6a0cbd4abdea","ffea6e6e-4b49-401c-b5fd-47ba8eecba45","english2","19"
"166","22744096-2398-4af4-bbfa-6a0cbd4abdea","3a763243-3f69-4009-a62e-65295bff348a","english2","20"
"167","22744096-2398-4af4-bbfa-6a0cbd4abdea","cecd7447-ac16-40a2-970f-385f724ec686","english2","21"
"168","22744096-2398-4af4-bbfa-6a0cbd4abdea","9c761287-9715-483f-8c37-475c18eecba0","english2","22"
"169","22744096-2398-4af4-bbfa-6a0cbd4abdea","0af58d95-2971-4574-ae97-0457ae810fa7","english2","23"
"170","22744096-2398-4af4-bbfa-6a0cbd4abdea","d4ca3a4f-512a-4560-85df-97e321000bab","english2","24"
"171","22744096-2398-4af4-bbfa-6a0cbd4abdea","0b29a70e-2d5c-4285-b0ff-e315a5e57218","english2","25"
"172","22744096-2398-4af4-bbfa-6a0cbd4abdea","7f0de0ff-4ddb-46fe-a080-ed3990eb936e","english2","26"
"173","22744096-2398-4af4-bbfa-6a0cbd4abdea","b5c34bbe-d875-40c1-a27c-d6c6befb043e","english2","27"
"174","8bb7e299-17bf-4c01-8c3a-7d6632def55a","58fb95a0-01f9-4f1b-8b09-c0743788acef","english1","1"
"175","8bb7e299-17bf-4c01-8c3a-7d6632def55a","63a6da64-0d64-4441-b2d9-8d9133555411","english1","2"
"176","8bb7e299-17bf-4c01-8c3a-7d6632def55a","fd837389-f73f-470c-a70f-c31534362a0a","english1","3"
"177","8bb7e299-17bf-4c01-8c3a-7d6632def55a","4263c65a-d5d7-4a8f-b243-f3acd394f825","english1","4"
"178","8bb7e299-17bf-4c01-8c3a-7d6632def55a","85f35d4d-4e75-4ed0-87e9-fa747f81184e","english1","5"
"179","8bb7e299-17bf-4c01-8c3a-7d6632def55a","998783c5-49d5-4c34-a7b7-4984dfc1dc66","english1","6"
"180","8bb7e299-17bf-4c01-8c3a-7d6632def55a","0f0e5651-f32d-4c19-826c-d6d3b162add6","english1","7"
"181","8bb7e299-17bf-4c01-8c3a-7d6632def55a","964274a0-dac2-46e6-a743-cf1534b57512","english1","8"
"182","8bb7e299-17bf-4c01-8c3a-7d6632def55a","f76c6a4a-f2f1-434d-b94d-bc6b3a2675d7","english1","9"
"183","8bb7e299-17bf-4c01-8c3a-7d6632def55a","da7930c0-0e60-4039-8d7b-91394bfaf5f3","english1","10"
"184","8bb7e299-17bf-4c01-8c3a-7d6632def55a","4908fd14-8ad8-4c36-9bd2-8f955c3c262a","english1","11"
"185","8bb7e299-17bf-4c01-8c3a-7d6632def55a","5416c2ec-6e96-41e9-9f2a-4238f9a19b40","english1","12"
"186","8bb7e299-17bf-4c01-8c3a-7d6632def55a","e8459213-5e26-4f7a-850e-f18cbe3bf0a5","english1","13"
"187","8bb7e299-17bf-4c01-8c3a-7d6632def55a","c98d4763-4cd8-4829-91c9-4dd682e6c3dc","english1","14"
"188","8bb7e299-17bf-4c01-8c3a-7d6632def55a","b1c0e51d-6174-49fd-ad70-72c20b49dc1d","english1","15"
"189","8bb7e299-17bf-4c01-8c3a-7d6632def55a","c2e3df9a-b10e-42d4-aec8-4f43be7c27d2","english1","16"
"190","8bb7e299-17bf-4c01-8c3a-7d6632def55a","99e6585f-54b1-4733-ade5-70eae11959f0","english1","17"
"191","8bb7e299-17bf-4c01-8c3a-7d6632def55a","02f7cd81-55e3-4fb5-af25-65baf868f4b6","english1","18"
"192","8bb7e299-17bf-4c01-8c3a-7d6632def55a","40cf0acd-42d5-4a8d-a9d7-ec19844d2f9d","english1","19"
"193","8bb7e299-17bf-4c01-8c3a-7d6632def55a","c328ecda-068a-48ba-a5c3-9647a1a9cdb0","english1","20"
"194","8bb7e299-17bf-4c01-8c3a-7d6632def55a","04db99b2-04d6-4883-924e-26b8e7e4f1b9","english1","21"
"195","8bb7e299-17bf-4c01-8c3a-7d6632def55a","55567560-be06-4c69-a12a-2444c68a4f97","english1","22"
"196","8bb7e299-17bf-4c01-8c3a-7d6632def55a","00657e04-8e9f-45d5-8c09-8c55b724d556","english1","23"
"197","8bb7e299-17bf-4c01-8c3a-7d6632def55a","3b528fba-28fa-4210-b43a-ead4ba4ffd08","english1","24"
"198","8bb7e299-17bf-4c01-8c3a-7d6632def55a","92d30dab-a6db-4ac0-a5e1-3c55d3dc289a","english1","25"
"199","8bb7e299-17bf-4c01-8c3a-7d6632def55a","eef0e595-c9fe-4fe5-9d67-092f84fbad7c","english1","26"
"200","8bb7e299-17bf-4c01-8c3a-7d6632def55a","95d9572d-f40e-45c9-b50a-d83682fb15f4","english1","27"
"201","8bb7e299-17bf-4c01-8c3a-7d6632def55a","025c796c-b251-49b1-8c13-0a7b17be7f03","english2","1"
"202","8bb7e299-17bf-4c01-8c3a-7d6632def55a","652edd67-78a3-4927-91ce-54d05387635f","english2","2"
"203","8bb7e299-17bf-4c01-8c3a-7d6632def55a","21fd2965-15a8-40bc-946a-342364c987f8","english2","3"
"204","8bb7e299-17bf-4c01-8c3a-7d6632def55a","3a6f0645-ddcb-4e12-a2a6-15ad5e1acd1a","english2","4"
"205","8bb7e299-17bf-4c01-8c3a-7d6632def55a","58fe4e68-8ccc-4e8f-bd19-594a795d1dc5","english2","5"
"206","8bb7e299-17bf-4c01-8c3a-7d6632def55a","388e0081-c37c-417d-bd2a-7b42e54bfba5","english2","6"
"207","8bb7e299-17bf-4c01-8c3a-7d6632def55a","c01e1f56-5c8d-4a44-be49-4ba97952000f","english2","7"
"208","8bb7e299-17bf-4c01-8c3a-7d6632def55a","1676554d-1366-4e55-9ccf-c7ea38f01e43","english2","8"
"209","8bb7e299-17bf-4c01-8c3a-7d6632def55a","bd9ee5a6-af44-4036-b2f3-b6c1e3e738cd","english2","9"
"210","8bb7e299-17bf-4c01-8c3a-7d6632def55a","9c01015a-0017-4583-a51c-2d5ac79a92b6","english2","10"
"211","8bb7e299-17bf-4c01-8c3a-7d6632def55a","d932b2e1-5f51-47fd-aded-4ce47f6cceb4","english2","11"
"212","8bb7e299-17bf-4c01-8c3a-7d6632def55a","8aae6332-1fec-4380-85d4-a5a7ad05cad1","english2","12"
"213","8bb7e299-17bf-4c01-8c3a-7d6632def55a","325d8975-27e4-4205-9def-aa586f1dd6e2","english2","13"
"214","8bb7e299-17bf-4c01-8c3a-7d6632def55a","3a576342-0fed-411f-86d9-6778104bf77d","english2","14"
"215","8bb7e299-17bf-4c01-8c3a-7d6632def55a","3de401a4-7d30-42e9-acc1-a7589d1b217d","english2","15"
"216","8bb7e299-17bf-4c01-8c3a-7d6632def55a","1240a436-84c8-41c8-a1cf-3ad0bd1a0576","english2","16"
"217","8bb7e299-17bf-4c01-8c3a-7d6632def55a","bb0f5701-7175-455d-bc1f-9a710781e5f5","english2","17"
"218","8bb7e299-17bf-4c01-8c3a-7d6632def55a","590bda33-6b42-45a2-8447-885fe0de9674","english2","18"
"219","8bb7e299-17bf-4c01-8c3a-7d6632def55a","32523a3c-ec8f-4730-be2c-68479cb9c80a","english2","19"
"220","8bb7e299-17bf-4c01-8c3a-7d6632def55a","78a08c20-1dc0-4b88-93b5-e82fd44d0301","english2","20"
"221","8bb7e299-17bf-4c01-8c3a-7d6632def55a","901af8db-aa8e-4944-8a04-fc5057df82ba","english2","21"
"222","8bb7e299-17bf-4c01-8c3a-7d6632def55a","cc3ab1f1-7dd9-4fdf-a7a9-87f8c8fafe4e","english2","22"
"223","8bb7e299-17bf-4c01-8c3a-7d6632def55a","fa4170d6-0810-42e4-a6b5-9c8fdadb1d89","english2","23"
"224","8bb7e299-17bf-4c01-8c3a-7d6632def55a","51c6a482-b48d-4123-bf20-3b1214e9ae66","english2","24"
"225","8bb7e299-17bf-4c01-8c3a-7d6632def55a","9da61ebd-2c0a-493b-a14e-a576380698b1","english2","25"
"226","8bb7e299-17bf-4c01-8c3a-7d6632def55a","e2823a02-0a5b-438d-9373-62e1c6487437","english2","26"
"227","8bb7e299-17bf-4c01-8c3a-7d6632def55a","0ed05f28-6cab-4ef1-b3f1-f6a97a6c8100","english2","27"
"228","7f32526b-7d4a-4b84-9db0-eec7a2f7b394","2d5ba715-b354-44f4-bdd8-617ee04ae7b5","english1","1"
"229","7f32526b-7d4a-4b84-9db0-eec7a2f7b394","a06b3b4c-5e59-4536-afcb-8c8e211b4c00","english1","2"
"230","7f32526b-7d4a-4b84-9db0-eec7a2f7b394","d2cf4e1a-a42f-4a01-be77-f4eb53960dba","english1","3"
"231","7f32526b-7d4a-4b84-9db0-eec7a2f7b394","632abdcd-8520-499c-8ec7-2b5761aba77e","english1","4"
"232","7f32526b-7d4a-4b84-9db0-eec7a2f7b394","c1f6e6db-a45f-4440-a4b9-53b48d8e12e0","english1","5"
"233","7f32526b-7d4a-4b84-9db0-eec7a2f7b394","0ed23de3-fb16-4cb5-84a5-dd9b79799e35","english1","6"
"234","7f32526b-7d4a-4b84-9db0-eec7a2f7b394","20910fdf-49e2-48ed-b634-df0c72bf475a","english1","7"
"235","7f32526b-7d4a-4b84-9db0-eec7a2f7b394","f53de958-a159-4143-bd78-d1485b67d313","english1","8"
"236","7f32526b-7d4a-4b84-9db0-eec7a2f7b394","ce0684f4-7892-4dfe-ae73-fffbe40c12b9","english1","9"
"237","7f32526b-7d4a-4b84-9db0-eec7a2f7b394","300a99a1-bff5-4985-90f2-2a37a0255428","english1","10"
"238","7f32526b-7d4a-4b84-9db0-eec7a2f7b394","c3a8f90a-2ad5-47b4-95e2-19a7c6839a48","english1","11"
"239","7f32526b-7d4a-4b84-9db0-eec7a2f7b394","a69b7093-34d7-4b64-9e20-ce31e9607559","english1","12"
"240","7f32526b-7d4a-4b84-9db0-eec7a2f7b394","78192eb9-8b1a-4028-9196-cd3f8ee5267d","english1","13"
"241","7f32526b-7d4a-4b84-9db0-eec7a2f7b394","e0340bd9-7049-44d2-ab10-b902eb681fd3","english1","14"
"242","7f32526b-7d4a-4b84-9db0-eec7a2f7b394","62671adb-f1a8-4a11-87ff-bc6f000aa11a","english1","15"
"243","7f32526b-7d4a-4b84-9db0-eec7a2f7b394","4085b627-90fc-464e-8a46-b61177030756","english1","16"
"244","7f32526b-7d4a-4b84-9db0-eec7a2f7b394","a1484da0-9f17-4f3b-b69c-cdc9531b9e22","english1","17"
"245","7f32526b-7d4a-4b84-9db0-eec7a2f7b394","889af139-d83c-42a0-8924-45929feabc99","english1","18"
"246","7f32526b-7d4a-4b84-9db0-eec7a2f7b394","1a4ceecb-0d2e-4bf7-ba12-92e68da4fb2a","english1","19"
"247","7f32526b-7d4a-4b84-9db0-eec7a2f7b394","aae4df15-8787-4b5c-bc83-0198218c6712","english1","20"
"248","7f32526b-7d4a-4b84-9db0-eec7a2f7b394","93e6fb5a-8bf8-46ce-b1aa-ffaa27f1a9f3","english1","21"
"249","7f32526b-7d4a-4b84-9db0-eec7a2f7b394","d8eec6a9-279d-4bb0-b921-4de713f65c23","english1","22"
"250","7f32526b-7d4a-4b84-9db0-eec7a2f7b394","328aa165-1005-4613-b052-4b36ec4433e9","english1","23"
"251","7f32526b-7d4a-4b84-9db0-eec7a2f7b394","70e2d030-9657-4a96-9bd8-e04a141c20ff","english1","24"
"252","7f32526b-7d4a-4b84-9db0-eec7a2f7b394","85c96507-e239-419a-802d-c10ba98e55ad","english1","25"
"253","7f32526b-7d4a-4b84-9db0-eec7a2f7b394","f33d0ab3-dd76-4dd9-8de6-a61597f2fd2f","english1","26"
"254","7f32526b-7d4a-4b84-9db0-eec7a2f7b394","56be8dcb-3c61-480b-b93a-c6bea189f3eb","english1","27"
"255","7f32526b-7d4a-4b84-9db0-eec7a2f7b394","c824a6fa-40c3-4e44-9317-70ee9a1e3e60","english2","1"
"256","7f32526b-7d4a-4b84-9db0-eec7a2f7b394","9a10fecf-d18a-401a-b54f-e77e5fc009a6","english2","2"
"257","7f32526b-7d4a-4b84-9db0-eec7a2f7b394","2614c7fd-fe9d-4c73-bb6f-eb159cee9637","english2","3"
"258","7f32526b-7d4a-4b84-9db0-eec7a2f7b394","2479c79f-fdac-4a1f-8f3b-e6ec3f5ccbf1","english2","4"
"259","7f32526b-7d4a-4b84-9db0-eec7a2f7b394","5c46ccac-bed5-4405-83a4-23bc6ffe5b32","english2","5"
"260","7f32526b-7d4a-4b84-9db0-eec7a2f7b394","23a8c1e3-821d-4e71-8d37-cba6f37c2862","english2","6"
"261","7f32526b-7d4a-4b84-9db0-eec7a2f7b394","35924f32-1611-4981-9b69-abfe40dbe5e7","english2","7"
"262","7f32526b-7d4a-4b84-9db0-eec7a2f7b394","c8c7be50-6204-4088-a2a8-77f83d28fc76","english2","8"
"263","7f32526b-7d4a-4b84-9db0-eec7a2f7b394","ffaf8766-de0f-4646-ab40-371a1850820f","english2","9"
"264","7f32526b-7d4a-4b84-9db0-eec7a2f7b394","3b3a1787-ccf0-4ac4-a94d-bed037b4239f","english2","10"
"265","7f32526b-7d4a-4b84-9db0-eec7a2f7b394","3039e24f-7fc8-453b-8d4d-861ccc517108","english2","11"
"266","7f32526b-7d4a-4b84-9db0-eec7a2f7b394","0403e21e-d93d-4464-b1aa-611fbed762b0","english2","12"
"267","7f32526b-7d4a-4b84-9db0-eec7a2f7b394","0195c093-1a4a-4fe4-b080-68ee229f5f07","english2","13"
"268","7f32526b-7d4a-4b84-9db0-eec7a2f7b394","b1e4f325-dce9-4ec8-a2d3-7718dd68ec2c","english2","14"
"269","7f32526b-7d4a-4b84-9db0-eec7a2f7b394","c578db49-f3b6-421e-b5b5-7a7c7e0c527c","english2","15"
"270","7f32526b-7d4a-4b84-9db0-eec7a2f7b394","9849f332-6fcb-4925-9090-b45f700c225e","english2","16"
"271","7f32526b-7d4a-4b84-9db0-eec7a2f7b394","6756a463-b026-40c4-807d-8c882736551a","english2","17"
"272","7f32526b-7d4a-4b84-9db0-eec7a2f7b394","aa40e2d5-888e-4a85-a920-cad15e82912b","english2","18"
"273","7f32526b-7d4a-4b84-9db0-eec7a2f7b394","fe44346d-6e30-4cee-8ca2-44734ceed5f2","english2","19"
"274","7f32526b-7d4a-4b84-9db0-eec7a2f7b394","d5262f3c-aa06-4dd6-8b55-1ba63407d15c","english2","20"
"275","7f32526b-7d4a-4b84-9db0-eec7a2f7b394","9ea3b15d-7545-4952-8550-59d2ed1d618d","english2","21"
"276","7f32526b-7d4a-4b84-9db0-eec7a2f7b394","54d4f7aa-3220-449f-8fd1-b865b8eb9fdf","english2","22"
"277","7f32526b-7d4a-4b84-9db0-eec7a2f7b394","de07e346-cdaa-466d-b549-c4aec1c1ab1f","english2","23"
"278","7f32526b-7d4a-4b84-9db0-eec7a2f7b394","338cf32b-49c6-434c-abe5-3206199a02c4","english2","24"
"279","7f32526b-7d4a-4b84-9db0-eec7a2f7b394","313a218d-7147-41a9-949b-7e3772c9337f","english2","25"
"280","7f32526b-7d4a-4b84-9db0-eec7a2f7b394","b3431183-0505-4d97-9b52-45fb3de25d43","english2","26"
"281","7f32526b-7d4a-4b84-9db0-eec7a2f7b394","055ed766-e111-4a92-9ad7-d163c22c590a","english2","27"
"282","7423cc1e-3ecc-44a8-bb5a-0137523e1167","083a7315-f68c-4749-b3f4-4c2bf259efcf","english1","1"
"283","7423cc1e-3ecc-44a8-bb5a-0137523e1167","1eb90fd9-4e23-4cb8-8474-90729794e70e","english1","2"
"284","7423cc1e-3ecc-44a8-bb5a-0137523e1167","5af1b325-9924-401e-940f-9fad2323d217","english1","3"
"285","7423cc1e-3ecc-44a8-bb5a-0137523e1167","2bd3d959-73a2-43e4-8f1e-ab4193b1c429","english1","4"
"286","7423cc1e-3ecc-44a8-bb5a-0137523e1167","53dd5d58-98e2-47e1-9059-9d1e62fa3905","english1","5"
"287","7423cc1e-3ecc-44a8-bb5a-0137523e1167","2ffc618a-747b-42e9-af9b-6133cfdde18a","english1","6"
"288","7423cc1e-3ecc-44a8-bb5a-0137523e1167","f5c470ab-ede7-4edf-96ec-f6c380442549","english1","7"
"289","7423cc1e-3ecc-44a8-bb5a-0137523e1167","0a78ae16-f440-489f-a038-a06365197159","english1","8"
"290","7423cc1e-3ecc-44a8-bb5a-0137523e1167","03d02c61-dc04-4621-b83e-e9513b9246ce","english1","9"
"291","7423cc1e-3ecc-44a8-bb5a-0137523e1167","f69bee9d-aad3-44ab-815f-35fccf8fd1dd","english1","10"
"292","7423cc1e-3ecc-44a8-bb5a-0137523e1167","30203a3e-bbf3-4e3d-a0c3-4678bdcf15e6","english1","11"
"293","7423cc1e-3ecc-44a8-bb5a-0137523e1167","7de6f080-ec4c-438d-8d84-b242f45bfed2","english1","12"
"294","7423cc1e-3ecc-44a8-bb5a-0137523e1167","44936820-ea25-4619-8082-ab23be63550e","english1","13"
"295","7423cc1e-3ecc-44a8-bb5a-0137523e1167","868d2852-fe3d-4c49-a6a3-a50c67a4ff16","english1","14"
"296","7423cc1e-3ecc-44a8-bb5a-0137523e1167","930acaf9-678f-495a-8b06-1594ec1ed57f","english1","15"
"297","7423cc1e-3ecc-44a8-bb5a-0137523e1167","c3ac1707-b534-4e42-a3e2-58aa80835e56","english1","16"
"298","7423cc1e-3ecc-44a8-bb5a-0137523e1167","957b47b2-8f9b-4181-b868-7e759d803648","english1","17"
"299","7423cc1e-3ecc-44a8-bb5a-0137523e1167","bd8f76e6-ff75-4b58-8982-40e5cdb6f2f0","english1","18"
"300","7423cc1e-3ecc-44a8-bb5a-0137523e1167","7b7f23e8-ed05-4b1a-8d98-d1b7b5564985","english1","19"
"301","7423cc1e-3ecc-44a8-bb5a-0137523e1167","6e12f4e5-c084-4685-9659-22b015e6751f","english1","20"
"302","7423cc1e-3ecc-44a8-bb5a-0137523e1167","4d6103cb-45a3-45e8-ba49-8bc8ef582874","english1","21"
"303","7423cc1e-3ecc-44a8-bb5a-0137523e1167","ccb458a0-7730-4491-800b-815e13be6468","english1","22"
"304","7423cc1e-3ecc-44a8-bb5a-0137523e1167","da555051-fecb-44c8-980a-085ae663754e","english1","23"
"305","7423cc1e-3ecc-44a8-bb5a-0137523e1167","65bae48d-0223-4901-a443-636359a11a89","english1","24"
"306","7423cc1e-3ecc-44a8-bb5a-0137523e1167","d9a7eef3-1b74-4e53-a682-7e21a2c251d4","english1","25"
"307","7423cc1e-3ecc-44a8-bb5a-0137523e1167","5ad19b30-3162-42e9-9856-c089c71b4eba","english1","26"
"308","7423cc1e-3ecc-44a8-bb5a-0137523e1167","fab30749-3a69-463e-be9e-45f9b7475874","english1","27"
"309","7423cc1e-3ecc-44a8-bb5a-0137523e1167","995a6dbd-6ad0-41ff-946a-487cf451fe26","english2","1"
"310","7423cc1e-3ecc-44a8-bb5a-0137523e1167","3c1cf62f-ee82-4bc8-bd3b-b4302f7ab01c","english2","2"
"311","7423cc1e-3ecc-44a8-bb5a-0137523e1167","bb8273d5-9965-4c03-9990-bdf3647d291c","english2","3"
"312","7423cc1e-3ecc-44a8-bb5a-0137523e1167","c065205e-e365-4e26-97c3-16b016ced68b","english2","4"
"313","7423cc1e-3ecc-44a8-bb5a-0137523e1167","c2c7dc11-188e-42e9-ab8f-81312b115ade","english2","5"
"314","7423cc1e-3ecc-44a8-bb5a-0137523e1167","398ad37a-ba50-4a6b-81b9-ae240d938433","english2","6"
"315","7423cc1e-3ecc-44a8-bb5a-0137523e1167","7bf71db7-1150-4583-9a67-e2b24e531124","english2","7"
"316","7423cc1e-3ecc-44a8-bb5a-0137523e1167","1c89792c-5543-4e89-8105-a677f5aa4413","english2","8"
"317","7423cc1e-3ecc-44a8-bb5a-0137523e1167","b5e4520c-144a-4576-87c3-7ffc73023ea0","english2","9"
"318","7423cc1e-3ecc-44a8-bb5a-0137523e1167","5b4f6527-b2f6-4d81-a14e-967fd68be818","english2","10"
"319","7423cc1e-3ecc-44a8-bb5a-0137523e1167","898510b8-7b5e-4278-b382-4fdc8878b5cc","english2","11"
"320","7423cc1e-3ecc-44a8-bb5a-0137523e1167","9e878901-9c25-416b-b31d-6b916cdd3714","english2","12"
"321","7423cc1e-3ecc-44a8-bb5a-0137523e1167","4d51aea1-daa8-45b8-adc8-2d19ef79b4a2","english2","13"
"322","7423cc1e-3ecc-44a8-bb5a-0137523e1167","6c6d0334-8c15-4b7f-9748-397d46a62fc1","english2","14"
"323","7423cc1e-3ecc-44a8-bb5a-0137523e1167","e970d3e7-c7c2-4f38-9093-434290fa9312","english2","15"
"324","7423cc1e-3ecc-44a8-bb5a-0137523e1167","5f3167ab-6eb4-4c00-9a8b-714a553a419f","english2","16"
"325","7423cc1e-3ecc-44a8-bb5a-0137523e1167","5f6b85f1-7614-4077-9ff6-077f9967ad83","english2","17"
"326","7423cc1e-3ecc-44a8-bb5a-0137523e1167","2d351267-36c4-40fb-9a6c-313136f9cc27","english2","18"
"327","7423cc1e-3ecc-44a8-bb5a-0137523e1167","a834b510-aa2e-407e-b43b-29864a6a4331","english2","19"
"328","7423cc1e-3ecc-44a8-bb5a-0137523e1167","03b66c2f-077b-4a56-87cd-284794933bc4","english2","20"
"329","7423cc1e-3ecc-44a8-bb5a-0137523e1167","b7db8910-7e40-48ae-b418-12f82f5e3069","english2","21"
"330","7423cc1e-3ecc-44a8-bb5a-0137523e1167","3e034526-5dfa-4d5e-b8da-cde34d532501","english2","22"
"331","7423cc1e-3ecc-44a8-bb5a-0137523e1167","65dd76aa-e871-492c-8001-fd54483548bd","english2","23"
"332","7423cc1e-3ecc-44a8-bb5a-0137523e1167","5654ff83-8df2-4284-8511-a6a5f5b66b98","english2","24"
"333","7423cc1e-3ecc-44a8-bb5a-0137523e1167","ef6c54b1-cfaf-466d-8de0-01bb9d2c0047","english2","25"
"334","7423cc1e-3ecc-44a8-bb5a-0137523e1167","7669bb5b-5925-4d80-b0d9-d74da6479587","english2","26"
"335","7423cc1e-3ecc-44a8-bb5a-0137523e1167","94d7ea46-f959-420a-92f8-c363e30ac6b0","english2","27"
"336","47599867-07db-42e6-a030-e0d21f4e6f90","717c6f40-ecdf-4f31-a85d-1948a954dcde","english1","1"
"337","47599867-07db-42e6-a030-e0d21f4e6f90","b6a2e464-3488-4c08-93ea-afb3b91ce1ea","english1","2"
"338","47599867-07db-42e6-a030-e0d21f4e6f90","96c1d0e2-8f4a-4513-99d0-01255137779f","english1","3"
"339","47599867-07db-42e6-a030-e0d21f4e6f90","1af15599-6c28-4d34-93d8-d8fe6fd55d36","english1","4"
"340","47599867-07db-42e6-a030-e0d21f4e6f90","bdbebc08-a291-4be6-bbe0-be6150491c4d","english1","5"
"341","47599867-07db-42e6-a030-e0d21f4e6f90","c16a91d1-5bb0-4c4a-8967-d03af7e15862","english1","6"
"342","47599867-07db-42e6-a030-e0d21f4e6f90","e4be1113-d570-4d18-8e1e-a7b62d1a2e86","english1","7"
"343","47599867-07db-42e6-a030-e0d21f4e6f90","9661dc10-1e4a-425b-a4f5-8c4f58564149","english1","8"
"344","47599867-07db-42e6-a030-e0d21f4e6f90","7799e17b-4cdf-4cdc-bb7e-5087d39237aa","english1","9"
"345","47599867-07db-42e6-a030-e0d21f4e6f90","1b8e0d6e-3589-4c9f-b9eb-4af2e03cdd99","english1","10"
"346","47599867-07db-42e6-a030-e0d21f4e6f90","f5a9e4ed-12dc-4619-9f0c-da8c998f7655","english1","11"
"347","47599867-07db-42e6-a030-e0d21f4e6f90","6ce985ac-4659-4516-b768-42f70bfe5f5e","english1","12"
"348","47599867-07db-42e6-a030-e0d21f4e6f90","34b6ac57-cafd-4c43-b55a-234dd3d82172","english1","13"
"349","47599867-07db-42e6-a030-e0d21f4e6f90","73532ea6-197c-4c5d-9b65-85afd25dbffb","english1","14"
"350","47599867-07db-42e6-a030-e0d21f4e6f90","1c5973b3-571c-4b62-8f53-87419333ea72","english1","15"
"351","47599867-07db-42e6-a030-e0d21f4e6f90","f776e10a-8a1a-4bb7-9157-db6f52c8dff1","english1","16"
"352","47599867-07db-42e6-a030-e0d21f4e6f90","c8ea0e1c-3e13-4562-b6c6-eee9c23086f5","english1","17"
"353","47599867-07db-42e6-a030-e0d21f4e6f90","a7256bfd-209f-4e73-b768-b664d1cd4f8e","english1","18"
"354","47599867-07db-42e6-a030-e0d21f4e6f90","5558b964-912c-495e-9a74-187e25e605c1","english1","19"
"355","47599867-07db-42e6-a030-e0d21f4e6f90","2d34dd64-544a-4569-8bce-b049a04a5761","english1","20"
"356","47599867-07db-42e6-a030-e0d21f4e6f90","49f79d58-a1aa-4a89-8a2f-b9efa070d4fd","english1","21"
"357","47599867-07db-42e6-a030-e0d21f4e6f90","9a29f451-7740-4ebc-81d3-0e6447809b67","english1","22"
"358","47599867-07db-42e6-a030-e0d21f4e6f90","211af6c3-58c5-4974-b13a-b935d427c138","english1","23"
"359","47599867-07db-42e6-a030-e0d21f4e6f90","e013d222-b43b-49f5-a334-68234fc5c9da","english1","24"
"360","47599867-07db-42e6-a030-e0d21f4e6f90","c118bc54-3b8a-4065-92f9-db2e3730dd1f","english1","25"
"361","47599867-07db-42e6-a030-e0d21f4e6f90","66513b1d-9800-4dd3-b273-832207b38877","english1","26"
"362","47599867-07db-42e6-a030-e0d21f4e6f90","54b33080-a01d-406d-ba10-a7414a90856b","english1","27"
"363","47599867-07db-42e6-a030-e0d21f4e6f90","f1cb2c4a-8ed8-47c1-a68f-47d2914c3500","english2","1"
"364","47599867-07db-42e6-a030-e0d21f4e6f90","89ade8a5-c352-4454-99ef-8cf210f97658","english2","2"
"365","47599867-07db-42e6-a030-e0d21f4e6f90","4f2f345b-fab6-4a82-9d6f-a6328f7afa27","english2","3"
"366","47599867-07db-42e6-a030-e0d21f4e6f90","b4e2b639-e402-408a-a508-42e8321a9782","english2","4"
"367","47599867-07db-42e6-a030-e0d21f4e6f90","1a484388-53a1-4e4b-9efa-00911d217bf1","english2","5"
"368","47599867-07db-42e6-a030-e0d21f4e6f90","c14220ff-b2b8-46fe-ae30-d409887d94e9","english2","6"
"369","47599867-07db-42e6-a030-e0d21f4e6f90","333119b0-851b-4349-b034-1572efefae1e","english2","7"
"370","47599867-07db-42e6-a030-e0d21f4e6f90","02620ba9-4207-4528-bfd4-ad1bdfdcbf99","english2","8"
"371","47599867-07db-42e6-a030-e0d21f4e6f90","df50fb85-8dac-4d17-814a-dcf3259d975f","english2","9"
"372","47599867-07db-42e6-a030-e0d21f4e6f90","594992f0-f348-4654-8a9a-1cfd3a7f9857","english2","10"
"373","47599867-07db-42e6-a030-e0d21f4e6f90","d7893577-0407-4b4b-8af7-2a14a840321a","english2","11"
"374","47599867-07db-42e6-a030-e0d21f4e6f90","f0c49c61-78af-4279-adec-2e42d6b0ac88","english2","12"
"375","47599867-07db-42e6-a030-e0d21f4e6f90","a5a37fa0-e8ea-437c-8601-2296e2947ef3","english2","13"
"376","47599867-07db-42e6-a030-e0d21f4e6f90","8abdda4e-0eb7-493f-9bf8-41d872dee10e","english2","14"
"377","47599867-07db-42e6-a030-e0d21f4e6f90","c4b202e8-aaf5-4bf8-9542-13df7aba8f49","english2","15"
"378","47599867-07db-42e6-a030-e0d21f4e6f90","4fac9692-c4b8-4e09-99b0-ee804f6adcaf","english2","16"
"379","47599867-07db-42e6-a030-e0d21f4e6f90","6ea23524-8a5d-4a27-bbae-62524225a122","english2","17"
"380","47599867-07db-42e6-a030-e0d21f4e6f90","ee6e0611-9fc0-4b38-bcbc-edbf2d1dd5e4","english2","18"
"381","47599867-07db-42e6-a030-e0d21f4e6f90","ffea6e6e-4b49-401c-b5fd-47ba8eecba45","english2","19"
"382","47599867-07db-42e6-a030-e0d21f4e6f90","3a763243-3f69-4009-a62e-65295bff348a","english2","20"
"383","47599867-07db-42e6-a030-e0d21f4e6f90","cecd7447-ac16-40a2-970f-385f724ec686","english2","21"
"384","47599867-07db-42e6-a030-e0d21f4e6f90","9c761287-9715-483f-8c37-475c18eecba0","english2","22"
"385","47599867-07db-42e6-a030-e0d21f4e6f90","0af58d95-2971-4574-ae97-0457ae810fa7","english2","23"
"386","47599867-07db-42e6-a030-e0d21f4e6f90","d4ca3a4f-512a-4560-85df-97e321000bab","english2","24"
"387","47599867-07db-42e6-a030-e0d21f4e6f90","0b29a70e-2d5c-4285-b0ff-e315a5e57218","english2","25"
"388","47599867-07db-42e6-a030-e0d21f4e6f90","7f0de0ff-4ddb-46fe-a080-ed3990eb936e","english2","26"
"389","47599867-07db-42e6-a030-e0d21f4e6f90","b5c34bbe-d875-40c1-a27c-d6c6befb043e","english2","27"
"390","1202ade9-0022-4c0e-968a-fce5a726f9fa","4556484c-52ef-4111-93e0-250cf0671148","english1","1"
"391","1202ade9-0022-4c0e-968a-fce5a726f9fa","7eec84d5-5501-4024-9478-6fc0052b16dc","english1","2"
"392","1202ade9-0022-4c0e-968a-fce5a726f9fa","30a13618-dc88-4754-87ac-315083fc9efd","english1","3"
"393","1202ade9-0022-4c0e-968a-fce5a726f9fa","49c0cad4-db6b-4874-b4b5-fb704e17095a","english1","4"
"394","1202ade9-0022-4c0e-968a-fce5a726f9fa","edf9620a-fac2-4f14-a538-9740f6aef0f7","english1","5"
"395","1202ade9-0022-4c0e-968a-fce5a726f9fa","a70892f4-4982-4f45-9ac1-ab8578639141","english1","6"
"396","1202ade9-0022-4c0e-968a-fce5a726f9fa","7862938b-f2ee-4979-8616-e109842325ff","english1","7"
"397","1202ade9-0022-4c0e-968a-fce5a726f9fa","f130119a-eb5f-4ea1-8755-3430f4c7c237","english1","8"
"398","1202ade9-0022-4c0e-968a-fce5a726f9fa","e9b76bfe-c4e6-47ce-b441-f5c387e40e4e","english1","9"
"399","1202ade9-0022-4c0e-968a-fce5a726f9fa","8b971c65-d526-4f06-b098-6cd3c71bf2fc","english1","10"
"400","1202ade9-0022-4c0e-968a-fce5a726f9fa","3f20a53f-a120-450c-b90d-ae82726d8691","english1","11"
"401","1202ade9-0022-4c0e-968a-fce5a726f9fa","dc1ce904-c06f-47e7-aaf2-f10e892c9622","english1","12"
"402","1202ade9-0022-4c0e-968a-fce5a726f9fa","df0e2ffe-38d6-4026-8615-3933b5aebd53","english1","13"
"403","1202ade9-0022-4c0e-968a-fce5a726f9fa","39f74b23-7d4f-45cd-9709-d90a9c2fc1d7","english1","14"
"404","1202ade9-0022-4c0e-968a-fce5a726f9fa","f4c5de9e-2d6b-455c-b917-c2c50749642e","english1","15"
"405","1202ade9-0022-4c0e-968a-fce5a726f9fa","ec89a7e5-f077-4471-80ca-883ed889b9a4","english1","16"
"406","1202ade9-0022-4c0e-968a-fce5a726f9fa","9633d089-52cc-4915-9e04-fdaa41e9cb87","english1","17"
"407","1202ade9-0022-4c0e-968a-fce5a726f9fa","37019538-46ce-42fa-bd06-675d222859f3","english1","18"
"408","1202ade9-0022-4c0e-968a-fce5a726f9fa","3725cc3c-7f58-4b6d-b2ff-7562574f4d3a","english1","19"
"409","1202ade9-0022-4c0e-968a-fce5a726f9fa","3b82265c-d04f-4775-8c3b-ed5d9b23b490","english1","20"
"410","1202ade9-0022-4c0e-968a-fce5a726f9fa","88968481-b050-4542-ba6a-c46bcf7ab719","english1","21"
"411","1202ade9-0022-4c0e-968a-fce5a726f9fa","43d1f280-f497-42f6-8135-079f99f29378","english1","22"
"412","1202ade9-0022-4c0e-968a-fce5a726f9fa","9e0e9c34-cff9-4ac7-8807-62e5bd0f28d9","english1","23"
"413","1202ade9-0022-4c0e-968a-fce5a726f9fa","e71010f7-aa31-4bd1-8191-676e9b999ec3","english1","24"
"414","1202ade9-0022-4c0e-968a-fce5a726f9fa","822dd0d1-712a-4b50-ba47-b64d0f558fdc","english1","25"
"415","1202ade9-0022-4c0e-968a-fce5a726f9fa","22c1f8d3-3e68-4842-ac9b-3aaa7eac8cb6","english1","26"
"416","1202ade9-0022-4c0e-968a-fce5a726f9fa","8e938ca3-4c99-43a8-a422-809688122c97","english1","27"
"417","1202ade9-0022-4c0e-968a-fce5a726f9fa","f5bef63d-db69-46ff-b0e1-26237a8e95e2","english2","1"
"418","1202ade9-0022-4c0e-968a-fce5a726f9fa","0ef08255-3a09-4692-a35d-070c6e5915ed","english2","2"
"419","1202ade9-0022-4c0e-968a-fce5a726f9fa","cb175a19-7dd5-44ba-8d17-db363d0f45d2","english2","3"
"420","1202ade9-0022-4c0e-968a-fce5a726f9fa","254c9c0b-55a0-4c1d-a54d-78918d3418d5","english2","4"
"421","1202ade9-0022-4c0e-968a-fce5a726f9fa","085d2f93-992a-422b-98b7-db7771519235","english2","5"
"422","1202ade9-0022-4c0e-968a-fce5a726f9fa","6e888863-cdf1-4357-82b4-4501d364a0a5","english2","6"
"423","1202ade9-0022-4c0e-968a-fce5a726f9fa","0f713e74-50c7-4ebf-8678-27902021ff9a","english2","7"
"424","1202ade9-0022-4c0e-968a-fce5a726f9fa","9dd1ce8c-89f3-4c48-88c6-380e2e5409b9","english2","8"
"425","1202ade9-0022-4c0e-968a-fce5a726f9fa","99401e17-a71f-47a0-baa7-0f13c2ef2397","english2","9"
"426","1202ade9-0022-4c0e-968a-fce5a726f9fa","a01d98de-dbc1-42d0-a44e-f61dbbce38d2","english2","10"
"427","1202ade9-0022-4c0e-968a-fce5a726f9fa","ffa6c935-fbd2-46b4-b0be-7e943c33f67b","english2","11"
"428","1202ade9-0022-4c0e-968a-fce5a726f9fa","d4fd6027-5a98-4e3f-9cee-7ff10a73c2ac","english2","12"
"429","1202ade9-0022-4c0e-968a-fce5a726f9fa","4475d644-aebb-43ca-a04e-15c92d5eb2b7","english2","13"
"430","1202ade9-0022-4c0e-968a-fce5a726f9fa","bdf4aa69-9c07-4879-a80e-a110331419bf","english2","14"
"431","1202ade9-0022-4c0e-968a-fce5a726f9fa","91997b89-f8ce-40da-bb01-4c5bb06e685b","english2","15"
"432","1202ade9-0022-4c0e-968a-fce5a726f9fa","1c35e796-74ee-4270-bad9-b6294c760f72","english2","16"
"433","1202ade9-0022-4c0e-968a-fce5a726f9fa","a6b0e44d-f454-45e2-b57d-5d66a30411bc","english2","17"
"434","1202ade9-0022-4c0e-968a-fce5a726f9fa","b08bb30f-95c4-487f-84f4-773e951034de","english2","18"
"435","1202ade9-0022-4c0e-968a-fce5a726f9fa","5bea0eef-ab69-4f3f-843f-b8f1a8c85512","english2","19"
"436","1202ade9-0022-4c0e-968a-fce5a726f9fa","a73c31d1-4eda-4a1c-8e1f-d85778ae668a","english2","20"
"437","1202ade9-0022-4c0e-968a-fce5a726f9fa","c4ce0b41-5347-4afa-99fa-c135e1a1ab1e","english2","21"
"438","1202ade9-0022-4c0e-968a-fce5a726f9fa","82238f59-224f-4b8e-9342-dc69ddb4819b","english2","22"
"439","1202ade9-0022-4c0e-968a-fce5a726f9fa","e0e7a200-41fb-4507-895e-aba07d850d79","english2","23"
"440","1202ade9-0022-4c0e-968a-fce5a726f9fa","40e18247-4d24-42d1-ae45-aa3b60ec949c","english2","24"
"441","1202ade9-0022-4c0e-968a-fce5a726f9fa","722dd5bc-e290-4ca6-8b35-6c89cd042d28","english2","25"
"442","1202ade9-0022-4c0e-968a-fce5a726f9fa","b3f70c83-39e6-40bc-a1d3-729b168abf5e","english2","26"
"443","1202ade9-0022-4c0e-968a-fce5a726f9fa","f3c24fa8-5e9d-4065-adac-231cc42a1978","english2","27"
"444","525dc1c2-3e3f-4eda-a60c-96f66cb7b529","67a6ac33-a78f-4abd-bbb0-bd72e736eb76","english1","1"
"445","525dc1c2-3e3f-4eda-a60c-96f66cb7b529","c174a665-6756-41ab-8330-dd3728e6acd8","english1","2"
"446","525dc1c2-3e3f-4eda-a60c-96f66cb7b529","7e65ae32-8e28-4f67-8b40-3a9601935f72","english1","3"
"447","525dc1c2-3e3f-4eda-a60c-96f66cb7b529","5eaa45f4-07ba-4676-b3fc-eda5a4ba3ccc","english1","4"
"448","525dc1c2-3e3f-4eda-a60c-96f66cb7b529","efee43bb-6a38-40ef-a49a-28a9f3b84649","english1","5"
"449","525dc1c2-3e3f-4eda-a60c-96f66cb7b529","818c05fb-4409-44d5-a951-d2eae9e1de5d","english1","6"
"450","525dc1c2-3e3f-4eda-a60c-96f66cb7b529","eabe1a24-22ad-4dbc-916c-58c9dbad4b82","english1","7"
"451","525dc1c2-3e3f-4eda-a60c-96f66cb7b529","edcfd899-8555-4b0b-b3b8-41d08c4791db","english1","8"
"452","525dc1c2-3e3f-4eda-a60c-96f66cb7b529","2a3eb607-3b3f-48f0-817b-d167f14172fb","english1","9"
"453","525dc1c2-3e3f-4eda-a60c-96f66cb7b529","c49b9eef-f5ea-4a0d-9516-bc0c68428fd8","english1","10"
"454","525dc1c2-3e3f-4eda-a60c-96f66cb7b529","38282487-2082-4851-aec7-b39560da0e2d","english1","11"
"455","525dc1c2-3e3f-4eda-a60c-96f66cb7b529","7ea8a3ff-42ed-4768-8a3c-c9bc35e7df33","english1","12"
"456","525dc1c2-3e3f-4eda-a60c-96f66cb7b529","51a6d0e9-9356-4706-bbd6-2d9d02f71842","english1","13"
"457","525dc1c2-3e3f-4eda-a60c-96f66cb7b529","7c050b18-a0e3-4f38-96b6-69fe99b98f1b","english1","14"
"458","525dc1c2-3e3f-4eda-a60c-96f66cb7b529","34f143b1-20c1-4f10-9f4f-55103597d31c","english1","15"
"459","525dc1c2-3e3f-4eda-a60c-96f66cb7b529","5bfa961b-45cd-4394-b7e3-368362e5d9f5","english1","16"
"460","525dc1c2-3e3f-4eda-a60c-96f66cb7b529","4121fabb-1a76-467c-889b-31dc8c4c7046","english1","17"
"461","525dc1c2-3e3f-4eda-a60c-96f66cb7b529","1d7fa0ab-15e4-4cd7-b593-c402950fbe6b","english1","18"
"462","525dc1c2-3e3f-4eda-a60c-96f66cb7b529","ff842716-623e-4339-b360-88301b445482","english1","19"
"463","525dc1c2-3e3f-4eda-a60c-96f66cb7b529","9f6cd219-8fa2-42d7-979d-4da2526e2a35","english1","20"
"464","525dc1c2-3e3f-4eda-a60c-96f66cb7b529","33cba908-8a92-43e6-b6f3-bfc72810aefd","english1","21"
"465","525dc1c2-3e3f-4eda-a60c-96f66cb7b529","59ab3362-755c-4763-9506-4b975d6068c2","english1","22"
"466","525dc1c2-3e3f-4eda-a60c-96f66cb7b529","7ff58d37-f609-4cd1-b272-cfe4839691a7","english1","23"
"467","525dc1c2-3e3f-4eda-a60c-96f66cb7b529","39086eaa-43f0-46c6-9662-5f3b0bcab1a2","english1","24"
"468","525dc1c2-3e3f-4eda-a60c-96f66cb7b529","333f7f5b-6546-445d-9c66-27acc24917df","english1","25"
"469","525dc1c2-3e3f-4eda-a60c-96f66cb7b529","2107c85a-604e-41f8-840f-01ac07740978","english1","26"
"470","525dc1c2-3e3f-4eda-a60c-96f66cb7b529","cd8b689e-c331-4393-9cbe-a74d93775e86","english1","27"
"471","525dc1c2-3e3f-4eda-a60c-96f66cb7b529","4a9546fd-2d2f-48bf-b778-76a3bd05cb81","english2","1"
"472","525dc1c2-3e3f-4eda-a60c-96f66cb7b529","dabaf8ab-f56a-4646-accf-0a916cd29b7b","english2","2"
"473","525dc1c2-3e3f-4eda-a60c-96f66cb7b529","b71fa6c1-9b6a-4e15-8415-fd8bf6651e87","english2","3"
"474","525dc1c2-3e3f-4eda-a60c-96f66cb7b529","b13609da-e86b-4a6e-91e9-d9c1b62ee33f","english2","4"
"475","525dc1c2-3e3f-4eda-a60c-96f66cb7b529","2d048071-f24a-4788-ad47-565e40f7133d","english2","5"
"476","525dc1c2-3e3f-4eda-a60c-96f66cb7b529","226e56a3-7031-4f87-9887-e9ef9b96b405","english2","6"
"477","525dc1c2-3e3f-4eda-a60c-96f66cb7b529","0804c41d-c9a7-4484-9d00-42e6c6b7407c","english2","7"
"478","525dc1c2-3e3f-4eda-a60c-96f66cb7b529","5cb42522-dbc9-4e0c-8822-3e1caf3f4654","english2","8"
"479","525dc1c2-3e3f-4eda-a60c-96f66cb7b529","49aa41e0-22c4-4aba-a288-4844d2febb06","english2","9"
"480","525dc1c2-3e3f-4eda-a60c-96f66cb7b529","3394397c-e06d-4bae-af15-18f3434daa1c","english2","10"
"481","525dc1c2-3e3f-4eda-a60c-96f66cb7b529","22ce1f31-5f0b-4058-bf2a-7c57d662c585","english2","11"
"482","525dc1c2-3e3f-4eda-a60c-96f66cb7b529","073c5d64-78db-4d09-be5d-9acd13962405","english2","12"
"483","525dc1c2-3e3f-4eda-a60c-96f66cb7b529","ecfa7939-f6cf-4623-b9d6-8e7431df42ba","english2","13"
"484","525dc1c2-3e3f-4eda-a60c-96f66cb7b529","c5332692-374c-4201-8950-1bbbc3bad847","english2","14"
"485","525dc1c2-3e3f-4eda-a60c-96f66cb7b529","e493da31-d38d-4780-8cb1-ae6fbf9a47d4","english2","15"
"486","525dc1c2-3e3f-4eda-a60c-96f66cb7b529","5f0d9be0-1728-470e-be87-2242b3353ce1","english2","16"
"487","525dc1c2-3e3f-4eda-a60c-96f66cb7b529","fb95467b-5d5f-4c05-a78f-a24fe603bd3b","english2","17"
"488","525dc1c2-3e3f-4eda-a60c-96f66cb7b529","14616ac8-1cf6-4759-94f9-ed0dfd21922e","english2","18"
"489","525dc1c2-3e3f-4eda-a60c-96f66cb7b529","50bc5ae5-61ee-40ba-9c79-671bc4f25cd5","english2","19"
"490","525dc1c2-3e3f-4eda-a60c-96f66cb7b529","d3a3f6e5-5fc2-4be8-82e5-25e07d26027a","english2","20"
"491","525dc1c2-3e3f-4eda-a60c-96f66cb7b529","70df76ff-5287-4df9-b9bf-5f776c5a48ef","english2","21"
"492","525dc1c2-3e3f-4eda-a60c-96f66cb7b529","36b2276e-1191-4510-8f73-0a0b33f488dc","english2","22"
"493","525dc1c2-3e3f-4eda-a60c-96f66cb7b529","c7190c03-7f80-49da-90c7-7a52f311fd3d","english2","23"
"494","525dc1c2-3e3f-4eda-a60c-96f66cb7b529","afc3766b-790c-4e02-8558-2c754fba7af4","english2","24"
"495","525dc1c2-3e3f-4eda-a60c-96f66cb7b529","737180d0-36cc-4419-8179-cc373475c52a","english2","25"
"496","525dc1c2-3e3f-4eda-a60c-96f66cb7b529","7059de29-5b57-4b8f-aa91-124289c63502","english2","26"
"497","525dc1c2-3e3f-4eda-a60c-96f66cb7b529","26e7035a-c4a3-43ee-872b-aa70a3f941ec","english2","27"
"498","c7d5917d-2cc9-4261-bdd6-6acb1769289b","cf287bca-6f00-4fb9-a6eb-f80047cdc059","english1","1"
"499","c7d5917d-2cc9-4261-bdd6-6acb1769289b","997004aa-a6a2-457a-bca8-5d3710d69e30","english1","2"
"500","c7d5917d-2cc9-4261-bdd6-6acb1769289b","0f6958f7-6d88-4ad3-9502-4f9c3b4387db","english1","3"
"501","c7d5917d-2cc9-4261-bdd6-6acb1769289b","74049ab0-7d6a-4f74-a568-34b0765c5771","english1","4"
"502","c7d5917d-2cc9-4261-bdd6-6acb1769289b","9f380eeb-fb65-4789-a95d-e88589379986","english1","5"
"503","c7d5917d-2cc9-4261-bdd6-6acb1769289b","c3d0133b-ceec-4689-9413-a7f96a5b2c21","english1","6"
"504","c7d5917d-2cc9-4261-bdd6-6acb1769289b","bebad370-bd8c-4544-9d8d-be57300942c0","english1","7"
"505","c7d5917d-2cc9-4261-bdd6-6acb1769289b","f3f1981b-7396-424c-8a53-ce88f5fe4deb","english1","8"
"506","c7d5917d-2cc9-4261-bdd6-6acb1769289b","7a1b26fc-b500-4a3d-a24d-43045a56c874","english1","9"
"507","c7d5917d-2cc9-4261-bdd6-6acb1769289b","02d024b9-4b37-4370-bf59-26ad490aa873","english1","10"
"508","c7d5917d-2cc9-4261-bdd6-6acb1769289b","d7d8dd61-8f1f-44ad-a1ad-9fb87d7d66ec","english1","11"
"509","c7d5917d-2cc9-4261-bdd6-6acb1769289b","71f620d6-18b2-467a-a6b3-68ab26df6be1","english1","12"
"510","c7d5917d-2cc9-4261-bdd6-6acb1769289b","3265aaf3-929c-4e8a-819f-47734033e385","english1","13"
"511","c7d5917d-2cc9-4261-bdd6-6acb1769289b","231be97f-1864-44f0-9ff5-cb284bfd2597","english1","14"
"512","c7d5917d-2cc9-4261-bdd6-6acb1769289b","8d1c5da1-256e-4803-b7a8-f11371913b15","english1","15"
"513","c7d5917d-2cc9-4261-bdd6-6acb1769289b","4b0e18c6-18ed-4c3e-b56b-95a072c09481","english1","16"
"514","c7d5917d-2cc9-4261-bdd6-6acb1769289b","4426b39e-2a65-48df-8cb8-95398e551db6","english1","17"
"515","c7d5917d-2cc9-4261-bdd6-6acb1769289b","7f1f187a-27d8-446b-8b91-f4dba04edf5b","english1","18"
"516","c7d5917d-2cc9-4261-bdd6-6acb1769289b","3d99ea39-cf4b-49e7-afc7-58cae1a0dbab","english1","19"
"517","c7d5917d-2cc9-4261-bdd6-6acb1769289b","17e6109c-4fa5-4d97-b786-222d8e5c742e","english1","20"
"518","c7d5917d-2cc9-4261-bdd6-6acb1769289b","f9a34814-fce4-4a42-b264-796d407673e1","english1","21"
"519","c7d5917d-2cc9-4261-bdd6-6acb1769289b","ae363b6e-ee5c-4a33-97e5-fb92e505b1f5","english1","22"
"520","c7d5917d-2cc9-4261-bdd6-6acb1769289b","d5736286-ba7b-4fee-b83a-98caecbfc145","english1","23"
"521","c7d5917d-2cc9-4261-bdd6-6acb1769289b","08b13104-1bc9-4f62-9214-5b458235f602","english1","24"
"522","c7d5917d-2cc9-4261-bdd6-6acb1769289b","35f48a9b-1e1e-4ea4-aaf1-d900da86f9bf","english1","25"
"523","c7d5917d-2cc9-4261-bdd6-6acb1769289b","7689c2eb-48bb-4dcd-a5f8-bcac01c00c54","english1","26"
"524","c7d5917d-2cc9-4261-bdd6-6acb1769289b","5b91cf73-fcfb-44be-af1d-77261e80ccd0","english1","27"
"525","c7d5917d-2cc9-4261-bdd6-6acb1769289b","4a9546fd-2d2f-48bf-b778-76a3bd05cb81","english2","1"
"526","c7d5917d-2cc9-4261-bdd6-6acb1769289b","dabaf8ab-f56a-4646-accf-0a916cd29b7b","english2","2"
"527","c7d5917d-2cc9-4261-bdd6-6acb1769289b","b71fa6c1-9b6a-4e15-8415-fd8bf6651e87","english2","3"
"528","c7d5917d-2cc9-4261-bdd6-6acb1769289b","b13609da-e86b-4a6e-91e9-d9c1b62ee33f","english2","4"
"529","c7d5917d-2cc9-4261-bdd6-6acb1769289b","2d048071-f24a-4788-ad47-565e40f7133d","english2","5"
"530","c7d5917d-2cc9-4261-bdd6-6acb1769289b","226e56a3-7031-4f87-9887-e9ef9b96b405","english2","6"
"531","c7d5917d-2cc9-4261-bdd6-6acb1769289b","0804c41d-c9a7-4484-9d00-42e6c6b7407c","english2","7"
"532","c7d5917d-2cc9-4261-bdd6-6acb1769289b","5cb42522-dbc9-4e0c-8822-3e1caf3f4654","english2","8"
"533","c7d5917d-2cc9-4261-bdd6-6acb1769289b","49aa41e0-22c4-4aba-a288-4844d2febb06","english2","9"
"534","c7d5917d-2cc9-4261-bdd6-6acb1769289b","3394397c-e06d-4bae-af15-18f3434daa1c","english2","10"
"535","c7d5917d-2cc9-4261-bdd6-6acb1769289b","22ce1f31-5f0b-4058-bf2a-7c57d662c585","english2","11"
"536","c7d5917d-2cc9-4261-bdd6-6acb1769289b","073c5d64-78db-4d09-be5d-9acd13962405","english2","12"
"537","c7d5917d-2cc9-4261-bdd6-6acb1769289b","ecfa7939-f6cf-4623-b9d6-8e7431df42ba","english2","13"
"538","c7d5917d-2cc9-4261-bdd6-6acb1769289b","c5332692-374c-4201-8950-1bbbc3bad847","english2","14"
"539","c7d5917d-2cc9-4261-bdd6-6acb1769289b","e493da31-d38d-4780-8cb1-ae6fbf9a47d4","english2","15"
"540","c7d5917d-2cc9-4261-bdd6-6acb1769289b","5f0d9be0-1728-470e-be87-2242b3353ce1","english2","16"
"541","c7d5917d-2cc9-4261-bdd6-6acb1769289b","fb95467b-5d5f-4c05-a78f-a24fe603bd3b","english2","17"
"542","c7d5917d-2cc9-4261-bdd6-6acb1769289b","14616ac8-1cf6-4759-94f9-ed0dfd21922e","english2","18"
"543","c7d5917d-2cc9-4261-bdd6-6acb1769289b","50bc5ae5-61ee-40ba-9c79-671bc4f25cd5","english2","19"
"544","c7d5917d-2cc9-4261-bdd6-6acb1769289b","d3a3f6e5-5fc2-4be8-82e5-25e07d26027a","english2","20"
"545","c7d5917d-2cc9-4261-bdd6-6acb1769289b","70df76ff-5287-4df9-b9bf-5f776c5a48ef","english2","21"
"546","c7d5917d-2cc9-4261-bdd6-6acb1769289b","36b2276e-1191-4510-8f73-0a0b33f488dc","english2","22"
"547","c7d5917d-2cc9-4261-bdd6-6acb1769289b","c7190c03-7f80-49da-90c7-7a52f311fd3d","english2","23"
"548","c7d5917d-2cc9-4261-bdd6-6acb1769289b","afc3766b-790c-4e02-8558-2c754fba7af4","english2","24"
"549","c7d5917d-2cc9-4261-bdd6-6acb1769289b","737180d0-36cc-4419-8179-cc373475c52a","english2","25"
"550","c7d5917d-2cc9-4261-bdd6-6acb1769289b","7059de29-5b57-4b8f-aa91-124289c63502","english2","26"
"551","c7d5917d-2cc9-4261-bdd6-6acb1769289b","26e7035a-c4a3-43ee-872b-aa70a3f941ec","english2","27"
"552","7ecadbce-5cac-46c5-96a3-13cb2df02475","571ffa35-f7b3-4501-8c9f-e0a790213dbb","english2","1"
"553","7ecadbce-5cac-46c5-96a3-13cb2df02475","950a7402-c4ee-4d27-9ec6-34086d6b73a4","english2","2"
"554","7ecadbce-5cac-46c5-96a3-13cb2df02475","537e220c-be35-473b-a97a-4631b47b20e6","english2","3"
"555","7ecadbce-5cac-46c5-96a3-13cb2df02475","6bef20ea-5078-4360-8a2f-b8157b6bf45c","english2","4"
"556","7ecadbce-5cac-46c5-96a3-13cb2df02475","a65977a1-cc1b-4855-a35a-147ad097c266","english2","5"
"557","7ecadbce-5cac-46c5-96a3-13cb2df02475","a8d77fc8-a214-46d7-9922-27b7597396c9","english2","6"
"558","7ecadbce-5cac-46c5-96a3-13cb2df02475","4d1171c3-111f-40c4-bf6b-47b5d83e68c2","english2","7"
"559","7ecadbce-5cac-46c5-96a3-13cb2df02475","e11c7fc0-aa29-4e76-90d9-f8718f94f828","english2","8"
"560","7ecadbce-5cac-46c5-96a3-13cb2df02475","c454d37b-58f4-45d0-a9e2-fb7b163e9b7f","english2","9"
"561","7ecadbce-5cac-46c5-96a3-13cb2df02475","e86038bd-dac1-4c99-936c-dea147e70871","english2","10"
"562","7ecadbce-5cac-46c5-96a3-13cb2df02475","a592125a-be73-48ea-8936-aa4c3a604668","english2","11"
"563","7ecadbce-5cac-46c5-96a3-13cb2df02475","c2b20d69-370f-4645-97f3-a0dc6afdfe91","english2","12"
"564","7ecadbce-5cac-46c5-96a3-13cb2df02475","f120aba3-7ce7-4e27-aa1b-0c25a6823e4a","english2","13"
"565","7ecadbce-5cac-46c5-96a3-13cb2df02475","1363582b-0b18-4059-bd42-6a3739e67bb0","english2","14"
"566","7ecadbce-5cac-46c5-96a3-13cb2df02475","87858feb-82c8-4912-a8b2-24f14b3093aa","english2","15"
"567","7ecadbce-5cac-46c5-96a3-13cb2df02475","0a063c2a-2f0d-472f-bbc1-b6bab1713db4","english2","16"
"568","7ecadbce-5cac-46c5-96a3-13cb2df02475","4b87b3b8-4ebd-4663-a8fd-8872ff414f3a","english2","17"
"569","7ecadbce-5cac-46c5-96a3-13cb2df02475","97943f9e-6e7e-4161-908a-f3e3f179c4a3","english2","18"
"570","7ecadbce-5cac-46c5-96a3-13cb2df02475","b3be5ae2-d73f-4e59-943f-90ac19f2a1e8","english2","19"
"571","7ecadbce-5cac-46c5-96a3-13cb2df02475","03a4d3c3-2406-4952-9995-76fb163a19c7","english2","20"
"572","7ecadbce-5cac-46c5-96a3-13cb2df02475","3f829a09-1ade-4d2f-91b7-3a58e8363bc9","english2","21"
"573","7ecadbce-5cac-46c5-96a3-13cb2df02475","bcc80add-b854-44dc-af80-bf9b806163a6","english2","22"
"574","7ecadbce-5cac-46c5-96a3-13cb2df02475","0fe2b46d-2bf2-4547-b816-cd194e83e6c9","english2","23"
"575","7ecadbce-5cac-46c5-96a3-13cb2df02475","63babb97-09b6-4bb7-9efe-3fb44fb086a3","english2","24"
"576","7ecadbce-5cac-46c5-96a3-13cb2df02475","f5aaa545-404f-44b9-993d-ddf09059d01f","english2","25"
"577","7ecadbce-5cac-46c5-96a3-13cb2df02475","0d92da7f-583e-4cff-949f-48f66e327f16","english2","26"
"578","7ecadbce-5cac-46c5-96a3-13cb2df02475","3c09a7a6-5c18-4340-880c-602e6e30ca16","english2","27"
"579","7ecadbce-5cac-46c5-96a3-13cb2df02475","87a26fb8-071d-4fb2-9b90-705a13c514d4","english1","1"
"580","7ecadbce-5cac-46c5-96a3-13cb2df02475","f43fb1e3-227a-4735-92ec-80585d5102ee","english1","2"
"581","7ecadbce-5cac-46c5-96a3-13cb2df02475","08d7f45f-ea7f-431e-90a3-ae27640273a6","english1","3"
"582","7ecadbce-5cac-46c5-96a3-13cb2df02475","feb7d0d6-fa20-4f41-9e05-7d9087857405","english1","4"
"583","7ecadbce-5cac-46c5-96a3-13cb2df02475","a47ce62d-1c1f-4e74-950d-44f229f4f3c6","english1","5"
"584","7ecadbce-5cac-46c5-96a3-13cb2df02475","262d593e-6273-4b5c-a361-0bee6de2b8b5","english1","6"
"585","7ecadbce-5cac-46c5-96a3-13cb2df02475","1928f674-a86e-456c-a348-134d32673168","english1","7"
"586","7ecadbce-5cac-46c5-96a3-13cb2df02475","4615bdc5-795c-43d8-b086-09b65a9cffde","english1","8"
"587","7ecadbce-5cac-46c5-96a3-13cb2df02475","a32aa5ce-4b57-4e6c-967a-cdddede5260c","english1","9"
"588","7ecadbce-5cac-46c5-96a3-13cb2df02475","82727e1e-2bed-4ab3-a760-cdd16bcd42cb","english1","10"
"589","7ecadbce-5cac-46c5-96a3-13cb2df02475","fae2202e-ae11-4894-9175-79a57716ca26","english1","11"
"590","7ecadbce-5cac-46c5-96a3-13cb2df02475","73ada6dd-c97f-4bae-9889-ebfa56501d57","english1","12"
"591","7ecadbce-5cac-46c5-96a3-13cb2df02475","3ccd7aac-5a48-456a-b830-631673939896","english1","13"
"592","7ecadbce-5cac-46c5-96a3-13cb2df02475","d0708cd6-df90-4404-858a-bcbf029d80c9","english1","14"
"593","7ecadbce-5cac-46c5-96a3-13cb2df02475","67609713-bc40-4a33-86de-36f25c262dff","english1","15"
"594","7ecadbce-5cac-46c5-96a3-13cb2df02475","7bcea0d2-a479-4206-9145-cf2f98343699","english1","16"
"595","7ecadbce-5cac-46c5-96a3-13cb2df02475","3720b014-799a-4cb3-8754-0d66d15bff3e","english1","17"
"596","7ecadbce-5cac-46c5-96a3-13cb2df02475","77c98db3-5657-40fd-a20c-64ab045dbeb1","english1","18"
"597","7ecadbce-5cac-46c5-96a3-13cb2df02475","acf337b2-c84a-448e-a271-5c3d886f70a2","english1","19"
"598","7ecadbce-5cac-46c5-96a3-13cb2df02475","21489652-eed6-4b85-bfff-de7187518696","english1","20"
"599","7ecadbce-5cac-46c5-96a3-13cb2df02475","e5424431-3121-42f4-a990-3409d41a842f","english1","21"
"600","7ecadbce-5cac-46c5-96a3-13cb2df02475","3597f2a4-93fc-4889-bfd4-552e48c41604","english1","22"
"601","7ecadbce-5cac-46c5-96a3-13cb2df02475","1349696a-ef28-4381-b398-510d3853ec4d","english1","23"
"602","7ecadbce-5cac-46c5-96a3-13cb2df02475","ba6cbdc8-3269-491f-b4a4-8540e2ce839e","english1","24"
"603","7ecadbce-5cac-46c5-96a3-13cb2df02475","3970aac9-347d-40e1-aca0-f0f47261f625","english1","25"
"604","7ecadbce-5cac-46c5-96a3-13cb2df02475","661b38e5-375d-431d-8bf5-950aec52f70a","english1","26"
"605","7ecadbce-5cac-46c5-96a3-13cb2df02475","2843ff07-3eea-4d78-b3df-25a3eed6b434","english1","27"
"606","4a86502b-c05a-471d-a5dd-405f7afab980","c431e33c-3d75-4c61-b506-99bd08171a5b","math1","1"
"607","4a86502b-c05a-471d-a5dd-405f7afab980","a8747c39-55a3-4862-9260-b24596a6972e","math1","2"
"608","4a86502b-c05a-471d-a5dd-405f7afab980","9e89e282-e5a3-4983-89eb-8773653bbc8f","math1","3"
"609","4a86502b-c05a-471d-a5dd-405f7afab980","1b23906b-6bb6-4acc-b1b6-2fba42c86f8f","math1","4"
"610","4a86502b-c05a-471d-a5dd-405f7afab980","819d55e6-58fe-436f-be19-f2891fbb8382","math1","5"
"611","4a86502b-c05a-471d-a5dd-405f7afab980","dbce8611-34d5-4edd-9bdf-4a6043fae20e","math1","6"
"612","4a86502b-c05a-471d-a5dd-405f7afab980","baf409d6-8b10-4374-84ab-17665c472ea1","math1","7"
"613","4a86502b-c05a-471d-a5dd-405f7afab980","7f9da087-dd7e-4526-a043-808a9223d18b","math1","8"
"614","4a86502b-c05a-471d-a5dd-405f7afab980","6992993c-03b8-4631-b1c8-29e5d3fe70e8","math1","9"
"615","4a86502b-c05a-471d-a5dd-405f7afab980","2c259634-d4a3-4736-911e-f2307e684ca7","math1","10"
"616","4a86502b-c05a-471d-a5dd-405f7afab980","e04566c1-9053-4d0a-af75-a1256f680b94","math1","11"
"617","4a86502b-c05a-471d-a5dd-405f7afab980","2176b7e0-b734-4294-aefc-027820273d15","math1","12"
"618","4a86502b-c05a-471d-a5dd-405f7afab980","a58b3b62-c548-4454-a91d-3119b718ae0d","math1","13"
"619","4a86502b-c05a-471d-a5dd-405f7afab980","1ba85e4d-d031-4dba-8deb-a9a237f42e44","math1","14"
"620","4a86502b-c05a-471d-a5dd-405f7afab980","e230b116-44ca-4f4f-ae32-bd29f552e7d3","math1","15"
"621","4a86502b-c05a-471d-a5dd-405f7afab980","d6244045-0f55-4394-aeb9-767d69591ef5","math1","16"
"622","4a86502b-c05a-471d-a5dd-405f7afab980","897e3da0-54e8-4a22-9626-5b4b3263ec9a","math1","17"
"623","4a86502b-c05a-471d-a5dd-405f7afab980","c01dfaa0-1585-4aeb-a076-e87d08c1552d","math1","18"
"624","4a86502b-c05a-471d-a5dd-405f7afab980","ab17dfe9-75eb-450d-9341-f930d9e521d8","math1","19"
"625","4a86502b-c05a-471d-a5dd-405f7afab980","b579e722-c2b5-4f3c-b1ce-b8f005fb1adc","math1","20"
"626","4a86502b-c05a-471d-a5dd-405f7afab980","94c9ec50-f017-4164-8a7d-f9ac9b7130a2","math1","21"
"627","4a86502b-c05a-471d-a5dd-405f7afab980","13b7d3cc-a531-442d-a0e2-39842dda1675","math1","22"
"628","4a86502b-c05a-471d-a5dd-405f7afab980","683bd7b8-01a8-4490-8520-297f0c259925","math2","1"
"629","4a86502b-c05a-471d-a5dd-405f7afab980","cba4eb22-8d08-46c1-86a6-547d6d8ac978","math2","2"
"630","4a86502b-c05a-471d-a5dd-405f7afab980","d1670bf6-635c-4a72-ab0c-f8829c9a68ef","math2","3"
"631","4a86502b-c05a-471d-a5dd-405f7afab980","88b4d936-8fe0-40e9-b69c-616ae458020e","math2","4"
"632","4a86502b-c05a-471d-a5dd-405f7afab980","65f040c8-757b-4f33-8a10-1a8c6ed21350","math2","5"
"633","4a86502b-c05a-471d-a5dd-405f7afab980","5ce35b8b-2a16-44aa-8014-17ee4298d6e4","math2","6"
"634","4a86502b-c05a-471d-a5dd-405f7afab980","8466d0e6-ae77-4fbc-a2e5-bb286d53b149","math2","7"
"635","4a86502b-c05a-471d-a5dd-405f7afab980","1c991d06-9e9c-4283-9af3-e2118ca2a35d","math2","8"
"636","4a86502b-c05a-471d-a5dd-405f7afab980","4d1253d3-194f-498a-a62d-001561a85a48","math2","9"
"637","4a86502b-c05a-471d-a5dd-405f7afab980","e3fda3a2-6550-43a5-84db-f86cd570d19e","math2","10"
"638","4a86502b-c05a-471d-a5dd-405f7afab980","f27cc9f2-8ec1-4e04-a29d-5f5e295a5bd7","math2","11"
"639","4a86502b-c05a-471d-a5dd-405f7afab980","ab8674cd-ed0d-495f-9e24-1961e61fbc42","math2","12"
"640","4a86502b-c05a-471d-a5dd-405f7afab980","25030240-83fd-441e-a31e-5d2810a2af4a","math2","13"
"641","4a86502b-c05a-471d-a5dd-405f7afab980","52377b11-c356-4a97-ade1-82f62a3dd9a0","math2","14"
"642","4a86502b-c05a-471d-a5dd-405f7afab980","0ddae20e-9b7d-4927-ba91-bfda9fef84e9","math2","15"
"643","4a86502b-c05a-471d-a5dd-405f7afab980","ef4f5bad-0e99-45af-a127-8477ccba4e21","math2","16"
"644","4a86502b-c05a-471d-a5dd-405f7afab980","f8618575-8043-44e7-80e5-6ff75c94d58a","math2","17"
"645","4a86502b-c05a-471d-a5dd-405f7afab980","7f854da1-ceb6-45ac-b138-a2e118df92df","math2","18"
"646","4a86502b-c05a-471d-a5dd-405f7afab980","2cf01080-9ff0-4922-85a5-5b43ccb397be","math2","19"
"647","4a86502b-c05a-471d-a5dd-405f7afab980","c1f45590-d1af-41e7-8b42-74f34fd105c7","math2","20"
"648","4a86502b-c05a-471d-a5dd-405f7afab980","14b33e25-815d-4a08-8d42-6f823199645b","math2","21"
"649","4a86502b-c05a-471d-a5dd-405f7afab980","0fe5875e-ee96-49e1-978c-5bf08697d05e","math2","22"
"650","42ac7d21-a379-4572-be73-152677aaf941","aecdcf33-dd06-4c28-b661-f09e99f2a92b","math1","1"
"651","42ac7d21-a379-4572-be73-152677aaf941","90d54153-abfe-4d32-82bf-1c044c537aa7","math1","2"
"652","42ac7d21-a379-4572-be73-152677aaf941","c04659dc-c5fc-4c63-a808-a09fa6534728","math1","3"
"653","42ac7d21-a379-4572-be73-152677aaf941","218ed75a-52f8-4497-ae5e-f9f216e2ec27","math1","4"
"654","42ac7d21-a379-4572-be73-152677aaf941","e3e587fc-f334-4f36-9b75-4691a5cb9c2c","math1","5"
"655","42ac7d21-a379-4572-be73-152677aaf941","5d22b91e-105c-4dd8-8386-af2c73863269","math1","6"
"656","42ac7d21-a379-4572-be73-152677aaf941","505cdfe0-67cc-4309-aa8e-473ba5db88df","math1","7"
"657","42ac7d21-a379-4572-be73-152677aaf941","72f9382e-2967-442b-b9ab-9375b1077dee","math1","8"
"658","42ac7d21-a379-4572-be73-152677aaf941","f9fc4a5b-7b3b-4c33-9179-3ac79e9f8436","math1","9"
"659","42ac7d21-a379-4572-be73-152677aaf941","b49992ba-843c-4f88-b1b4-f8c4347cf4dd","math1","10"
"660","42ac7d21-a379-4572-be73-152677aaf941","b2e7ac3f-082a-42a3-9495-90a19aff1bce","math1","11"
"661","42ac7d21-a379-4572-be73-152677aaf941","d5d8ee41-abb6-4327-b432-45f9e9d628b7","math1","12"
"662","42ac7d21-a379-4572-be73-152677aaf941","4afa8af4-d3bf-4c66-a856-a366570ce62e","math1","13"
"663","42ac7d21-a379-4572-be73-152677aaf941","da08dc49-f767-4bd1-a14e-6dcd9704df33","math1","14"
"664","42ac7d21-a379-4572-be73-152677aaf941","a73f93df-6c0b-464a-9978-7a6ec067e433","math1","15"
"665","42ac7d21-a379-4572-be73-152677aaf941","1e3206fc-2d3f-4461-8221-0d990aee473a","math1","16"
"666","42ac7d21-a379-4572-be73-152677aaf941","a325efe8-6ee6-4d98-af8e-39621b4c424c","math1","17"
"667","42ac7d21-a379-4572-be73-152677aaf941","2e05be10-8637-4e01-b85c-9d2d7c9701ac","math1","18"
"668","42ac7d21-a379-4572-be73-152677aaf941","32a7062b-c4d7-4022-8256-42f5c7679fcf","math1","19"
"669","42ac7d21-a379-4572-be73-152677aaf941","e489aa43-5e0f-455b-b011-a82655b7110e","math1","20"
"670","42ac7d21-a379-4572-be73-152677aaf941","4d09f033-1916-450e-ab16-fee43e8620af","math1","21"
"671","42ac7d21-a379-4572-be73-152677aaf941","3620080a-39cb-4c06-a04a-a7c5c55579e0","math1","22"
"672","42ac7d21-a379-4572-be73-152677aaf941","c71e0d76-025e-4dd8-81c2-93ecb9d04726","math2","1"
"673","42ac7d21-a379-4572-be73-152677aaf941","35ef46a9-2b9f-498e-9195-9b334d9f5616","math2","2"
"674","42ac7d21-a379-4572-be73-152677aaf941","89a03b18-8a8e-4b5c-b06d-f7a3ab70df9a","math2","3"
"675","42ac7d21-a379-4572-be73-152677aaf941","aeda85c8-8475-4632-9140-cc39e74219ef","math2","4"
"676","42ac7d21-a379-4572-be73-152677aaf941","f63fc130-157e-4dc5-a3fe-d2b784f1a591","math2","5"
"677","42ac7d21-a379-4572-be73-152677aaf941","500bcb85-e3c7-4a99-a38f-68e71c65f0ad","math2","6"
"678","42ac7d21-a379-4572-be73-152677aaf941","5d5b2abf-c2ae-4d3b-9c97-a9162ae00177","math2","7"
"679","42ac7d21-a379-4572-be73-152677aaf941","2d9c2068-960c-4972-9053-3f0f604d4092","math2","8"
"680","42ac7d21-a379-4572-be73-152677aaf941","c9022d22-9be5-4860-8bfe-6afc3552f676","math2","9"
"681","42ac7d21-a379-4572-be73-152677aaf941","3ddc361e-eb5d-4320-95f3-54c07b4732a2","math2","10"
"682","42ac7d21-a379-4572-be73-152677aaf941","d11b6423-0802-4a32-931b-7d473ade4c40","math2","11"
"683","42ac7d21-a379-4572-be73-152677aaf941","ba7ce270-792b-405e-b96b-22c9cd2b0506","math2","12"
"684","42ac7d21-a379-4572-be73-152677aaf941","f107eab3-6734-40a5-a4dc-0943200faa50","math2","13"
"685","42ac7d21-a379-4572-be73-152677aaf941","b39de9f8-5508-46e1-b65e-d69f98408762","math2","14"
"686","42ac7d21-a379-4572-be73-152677aaf941","97d01db5-da07-4ce3-99ec-16d7829072b9","math2","15"
"687","42ac7d21-a379-4572-be73-152677aaf941","84f128a7-1cf1-401d-94c9-22961eb2a414","math2","16"
"688","42ac7d21-a379-4572-be73-152677aaf941","0db7a1d4-5fc6-4386-a150-267fc3da699d","math2","17"
"689","42ac7d21-a379-4572-be73-152677aaf941","fd7671f0-4483-4adf-a197-3033779f798a","math2","18"
"690","42ac7d21-a379-4572-be73-152677aaf941","c0d03ce4-1150-44f5-a697-8ce283f10a90","math2","19"
"691","42ac7d21-a379-4572-be73-152677aaf941","ee0ba34e-ef8c-4703-b8d3-12ba3046f485","math2","20"
"692","42ac7d21-a379-4572-be73-152677aaf941","a5ee6477-1087-44f3-a59f-4911cf79e019","math2","21"
"693","42ac7d21-a379-4572-be73-152677aaf941","037e2863-9d6c-47e0-9e9a-91761e5b7989","math2","22"
"694","9efd2e85-9de0-4333-8ec0-7ff4125f25d2","9e253ca5-cc8c-4786-ab75-056ce4044627","math1","1"
"695","9efd2e85-9de0-4333-8ec0-7ff4125f25d2","6aecb689-e6d5-4cbc-91bc-b9b0fd6a1e6c","math1","2"
"696","9efd2e85-9de0-4333-8ec0-7ff4125f25d2","1f0f143c-f4f1-4149-a471-5f0cb790bbbf","math1","3"
"697","9efd2e85-9de0-4333-8ec0-7ff4125f25d2","1191a6f7-d372-402d-abff-c2f9f80056dc","math1","4"
"698","9efd2e85-9de0-4333-8ec0-7ff4125f25d2","f7d7d7e3-a540-4f51-b4b0-5d3ab8a19c98","math1","5"
"699","9efd2e85-9de0-4333-8ec0-7ff4125f25d2","4d1375e2-ccbe-4889-ab15-163a0b1f1d27","math1","6"
"700","9efd2e85-9de0-4333-8ec0-7ff4125f25d2","6c4db472-9c4a-4423-9f2e-098e6b59b255","math1","7"
"701","9efd2e85-9de0-4333-8ec0-7ff4125f25d2","3811f5b9-4973-459f-8feb-251635eac810","math1","8"
"702","9efd2e85-9de0-4333-8ec0-7ff4125f25d2","f38ff518-eb58-4dad-afec-0b295d2d5110","math1","9"
"703","9efd2e85-9de0-4333-8ec0-7ff4125f25d2","7968bc12-cc25-4f29-b251-c08562e49967","math1","10"
"704","9efd2e85-9de0-4333-8ec0-7ff4125f25d2","f7b245bb-010a-466f-82e9-91fad6e190b6","math1","11"
"705","9efd2e85-9de0-4333-8ec0-7ff4125f25d2","b072298e-7a07-4eb6-8b4e-3b98858ec585","math1","12"
"706","9efd2e85-9de0-4333-8ec0-7ff4125f25d2","59aa7809-2880-4bcc-978c-2a45a328165c","math1","13"
"707","9efd2e85-9de0-4333-8ec0-7ff4125f25d2","017985c6-f8e8-45e4-a6cd-ee6816f4e8a3","math1","14"
"708","9efd2e85-9de0-4333-8ec0-7ff4125f25d2","d9a9603f-ab3d-4330-aab8-1d59f257ae1d","math1","15"
"709","9efd2e85-9de0-4333-8ec0-7ff4125f25d2","a695857b-3151-41d9-91b4-78591f02d1bd","math1","16"
"710","9efd2e85-9de0-4333-8ec0-7ff4125f25d2","0a6244b0-fb49-44c3-b25b-6f646b035c1f","math1","17"
"711","9efd2e85-9de0-4333-8ec0-7ff4125f25d2","421799db-8b41-4454-858f-184d45874a8d","math1","18"
"712","9efd2e85-9de0-4333-8ec0-7ff4125f25d2","f4202ed4-59f8-489f-94ff-1592a864f097","math1","19"
"713","9efd2e85-9de0-4333-8ec0-7ff4125f25d2","bdece997-7881-4663-b9c4-98c7e59273e1","math1","20"
"714","9efd2e85-9de0-4333-8ec0-7ff4125f25d2","79976f23-38d9-42aa-ba64-dd98b4d101c4","math1","21"
"715","9efd2e85-9de0-4333-8ec0-7ff4125f25d2","6fbee41e-7c30-476c-bc97-d1af8d4a36c7","math1","22"
"716","9efd2e85-9de0-4333-8ec0-7ff4125f25d2","943ea6a8-c35a-41cc-8fdd-cc7bb3eb1ef6","math2","1"
"717","9efd2e85-9de0-4333-8ec0-7ff4125f25d2","a0f2662d-0c2a-42d2-bc8d-050e3422fa9e","math2","2"
"718","9efd2e85-9de0-4333-8ec0-7ff4125f25d2","c0f54511-dca1-4da2-82fe-c9936045798f","math2","3"
"719","9efd2e85-9de0-4333-8ec0-7ff4125f25d2","88cbcd63-6f88-430e-a292-7ad4662e5593","math2","4"
"720","9efd2e85-9de0-4333-8ec0-7ff4125f25d2","6a6155f7-c898-495e-ab23-9eab4cb94eb1","math2","5"
"721","9efd2e85-9de0-4333-8ec0-7ff4125f25d2","9416335e-35b8-48d7-8014-66123ee01d54","math2","6"
"722","9efd2e85-9de0-4333-8ec0-7ff4125f25d2","e8fa2ae1-9aac-4ae4-ad1f-51394facbea8","math2","7"
"723","9efd2e85-9de0-4333-8ec0-7ff4125f25d2","f48cc3b9-d53e-46e8-8453-e509e8d3da21","math2","8"
"724","9efd2e85-9de0-4333-8ec0-7ff4125f25d2","b2847d81-b15d-47ba-9c94-a1ad0f317f00","math2","9"
"725","9efd2e85-9de0-4333-8ec0-7ff4125f25d2","81b1591d-7fc9-4a04-be9b-678a0fe1822f","math2","10"
"726","9efd2e85-9de0-4333-8ec0-7ff4125f25d2","54cc35ec-3b48-4792-b0a5-e98d14376750","math2","11"
"727","9efd2e85-9de0-4333-8ec0-7ff4125f25d2","4c1721f5-2c9d-4300-a8d1-a0519bed6213","math2","12"
"728","9efd2e85-9de0-4333-8ec0-7ff4125f25d2","6b3562d0-0e09-427c-893e-3a5e5b2b4689","math2","13"
"729","9efd2e85-9de0-4333-8ec0-7ff4125f25d2","ec0f8cfd-9b58-4610-9c00-4bb2ae57c888","math2","14"
"730","9efd2e85-9de0-4333-8ec0-7ff4125f25d2","e6f746a1-b38d-4195-9845-ba43cca6b19a","math2","15"
"731","9efd2e85-9de0-4333-8ec0-7ff4125f25d2","ce2ee500-708e-403d-8788-fae13453d669","math2","16"
"732","9efd2e85-9de0-4333-8ec0-7ff4125f25d2","1a20ff72-1282-49d6-90ec-057b3215a2cb","math2","17"
"733","9efd2e85-9de0-4333-8ec0-7ff4125f25d2","5844a166-cb6d-4c6b-9b6e-904c77834463","math2","18"
"734","9efd2e85-9de0-4333-8ec0-7ff4125f25d2","131f1ee4-837f-4fc9-ae6b-0da0a0669e80","math2","19"
"735","9efd2e85-9de0-4333-8ec0-7ff4125f25d2","c784ed9c-efe4-4c71-b963-50f2d766721b","math2","20"
"736","9efd2e85-9de0-4333-8ec0-7ff4125f25d2","ec338412-b812-45ef-8799-0a9b28e04938","math2","21"
"737","9efd2e85-9de0-4333-8ec0-7ff4125f25d2","25b08f65-5c16-49a5-8f6f-86681d7b880d","math2","22"
"738","af4d6c8f-c9bf-46c6-a578-72187fd17ec4","35732fb5-19cd-405f-8629-830547bb00dd","math1","1"
"739","af4d6c8f-c9bf-46c6-a578-72187fd17ec4","ba0e4e0d-897a-434f-9e77-f9198f49c01e","math1","2"
"740","af4d6c8f-c9bf-46c6-a578-72187fd17ec4","2908c888-9714-4338-b7f7-4f9368c27ea3","math1","3"
"741","af4d6c8f-c9bf-46c6-a578-72187fd17ec4","f6dcbe12-22a2-479b-821c-665fccec4b7f","math1","4"
"742","af4d6c8f-c9bf-46c6-a578-72187fd17ec4","26efeb8a-0350-41db-a716-4aac337facb5","math1","5"
"743","af4d6c8f-c9bf-46c6-a578-72187fd17ec4","ee391331-ac67-48bd-886a-dde2801cacbd","math1","6"
"744","af4d6c8f-c9bf-46c6-a578-72187fd17ec4","abb86b9d-4517-48f3-9899-7e11b48c1546","math1","7"
"745","af4d6c8f-c9bf-46c6-a578-72187fd17ec4","65e8b210-1545-4e20-947c-701bd3e172e2","math1","8"
"746","af4d6c8f-c9bf-46c6-a578-72187fd17ec4","bcef0f6f-0b12-4901-bdb9-56d35dd0cf8e","math1","9"
"747","af4d6c8f-c9bf-46c6-a578-72187fd17ec4","19d6945e-1145-4dc8-bc9a-e6c1bf2ca773","math1","10"
"748","af4d6c8f-c9bf-46c6-a578-72187fd17ec4","324aa4bf-3cf8-4706-8daf-b3475f77d825","math1","11"
"749","af4d6c8f-c9bf-46c6-a578-72187fd17ec4","8fcc2118-e888-4a6a-b575-03c71891ced4","math1","12"
"750","af4d6c8f-c9bf-46c6-a578-72187fd17ec4","9d21f57e-ab40-4437-83ff-09b5a40b56c4","math1","13"
"751","af4d6c8f-c9bf-46c6-a578-72187fd17ec4","c4774da2-40f1-4f30-920e-d5685f018dcc","math1","14"
"752","af4d6c8f-c9bf-46c6-a578-72187fd17ec4","c65d7784-0dce-4e8b-b540-4e0fbc02221b","math1","15"
"753","af4d6c8f-c9bf-46c6-a578-72187fd17ec4","bc201737-a795-4492-9a14-729fb61d04f7","math1","16"
"754","af4d6c8f-c9bf-46c6-a578-72187fd17ec4","e8e5c620-c985-459c-ad1e-642e7e480587","math1","17"
"755","af4d6c8f-c9bf-46c6-a578-72187fd17ec4","d2a3b6ce-60c2-42cd-a80c-c5b0eae78ea4","math1","18"
"756","af4d6c8f-c9bf-46c6-a578-72187fd17ec4","2abcb4fb-5ced-45b6-954b-bac1e2daa199","math1","19"
"757","af4d6c8f-c9bf-46c6-a578-72187fd17ec4","0bba0dfd-1d20-49dc-b94a-8ffa12577547","math1","20"
"758","af4d6c8f-c9bf-46c6-a578-72187fd17ec4","b50eff28-9922-4d92-970a-d4184378f036","math1","21"
"759","af4d6c8f-c9bf-46c6-a578-72187fd17ec4","7882734c-500a-4463-a673-67ccf28b087f","math1","22"
"760","af4d6c8f-c9bf-46c6-a578-72187fd17ec4","b1007da5-955b-49a0-a6c2-6c03e3684d79","math2","1"
"761","af4d6c8f-c9bf-46c6-a578-72187fd17ec4","66b09558-9bd9-4208-82f0-6d1372bd7f45","math2","2"
"762","af4d6c8f-c9bf-46c6-a578-72187fd17ec4","8cb080a2-d7b1-4331-a63e-c0a2a73d77c2","math2","3"
"763","af4d6c8f-c9bf-46c6-a578-72187fd17ec4","bfe4bb1e-1f4c-464b-99be-e75cf977d406","math2","4"
"764","af4d6c8f-c9bf-46c6-a578-72187fd17ec4","b948a30f-9af2-42f3-bccf-6c40b82b159c","math2","5"
"765","af4d6c8f-c9bf-46c6-a578-72187fd17ec4","58a54b38-3b36-4ea8-9f8b-ee310e24b871","math2","6"
"766","af4d6c8f-c9bf-46c6-a578-72187fd17ec4","d67ff947-c22d-4136-bff4-42b24a2172fa","math2","7"
"767","af4d6c8f-c9bf-46c6-a578-72187fd17ec4","7cb2f983-9ce2-450e-a579-3f220c474d2d","math2","8"
"768","af4d6c8f-c9bf-46c6-a578-72187fd17ec4","744dfaa7-8922-496a-9a79-465730f11129","math2","9"
"769","af4d6c8f-c9bf-46c6-a578-72187fd17ec4","c6ea9f6f-e62e-4999-98f6-f9a880fac3b4","math2","10"
"770","af4d6c8f-c9bf-46c6-a578-72187fd17ec4","711339e6-3b0b-4b87-a434-764d6158c6c0","math2","11"
"771","af4d6c8f-c9bf-46c6-a578-72187fd17ec4","28f98fe5-a2e8-476a-a65d-301a3f7bf242","math2","12"
"772","af4d6c8f-c9bf-46c6-a578-72187fd17ec4","21ca7cf6-28c5-42cf-a9f3-a632c4b82ae7","math2","13"
"773","af4d6c8f-c9bf-46c6-a578-72187fd17ec4","dd8ee5e9-0538-4582-bd03-9c461b699472","math2","14"
"774","af4d6c8f-c9bf-46c6-a578-72187fd17ec4","606a3967-a523-47b3-9d51-2dc865066c53","math2","15"
"775","af4d6c8f-c9bf-46c6-a578-72187fd17ec4","779bec3d-2f9c-4b97-bb2e-fea94816353b","math2","16"
"776","af4d6c8f-c9bf-46c6-a578-72187fd17ec4","43354b2a-ba08-4be1-845c-4aeeaa76c92f","math2","17"
"777","af4d6c8f-c9bf-46c6-a578-72187fd17ec4","84cd6ac4-44e8-4c2e-b8d7-b1227f9c756e","math2","18"
"778","af4d6c8f-c9bf-46c6-a578-72187fd17ec4","71f26349-9983-4f14-bb50-4cc8c3e3f6cd","math2","19"
"779","af4d6c8f-c9bf-46c6-a578-72187fd17ec4","732f5b5f-fa10-4184-80c8-2ef490fb0a0b","math2","20"
"780","af4d6c8f-c9bf-46c6-a578-72187fd17ec4","1df3038a-1cb0-4a78-acd0-d31856981147","math2","21"
"781","af4d6c8f-c9bf-46c6-a578-72187fd17ec4","e42801f6-50e6-45ce-89c2-9d4104f57142","math2","22"
"782","0316f3d8-82cf-4760-ae33-2755936983ab","1df3038a-1cb0-4a78-acd0-d31856981147","",""
"783","0316f3d8-82cf-4760-ae33-2755936983ab","732f5b5f-fa10-4184-80c8-2ef490fb0a0b","",""
"784","0316f3d8-82cf-4760-ae33-2755936983ab","71f26349-9983-4f14-bb50-4cc8c3e3f6cd","",""
"785","0316f3d8-82cf-4760-ae33-2755936983ab","84cd6ac4-44e8-4c2e-b8d7-b1227f9c756e","",""
"786","0316f3d8-82cf-4760-ae33-2755936983ab","43354b2a-ba08-4be1-845c-4aeeaa76c92f","",""
"787","0316f3d8-82cf-4760-ae33-2755936983ab","779bec3d-2f9c-4b97-bb2e-fea94816353b","",""
"788","0316f3d8-82cf-4760-ae33-2755936983ab","dd8ee5e9-0538-4582-bd03-9c461b699472","",""
"789","0316f3d8-82cf-4760-ae33-2755936983ab","21ca7cf6-28c5-42cf-a9f3-a632c4b82ae7","",""
"790","0316f3d8-82cf-4760-ae33-2755936983ab","711339e6-3b0b-4b87-a434-764d6158c6c0","",""
"791","0316f3d8-82cf-4760-ae33-2755936983ab","037e2863-9d6c-47e0-9e9a-91761e5b7989","",""
"792","0316f3d8-82cf-4760-ae33-2755936983ab","a5ee6477-1087-44f3-a59f-4911cf79e019","",""
"793","0316f3d8-82cf-4760-ae33-2755936983ab","c0d03ce4-1150-44f5-a697-8ce283f10a90","",""
"794","0316f3d8-82cf-4760-ae33-2755936983ab","fd7671f0-4483-4adf-a197-3033779f798a","",""
"795","0316f3d8-82cf-4760-ae33-2755936983ab","0db7a1d4-5fc6-4386-a150-267fc3da699d","",""
"796","0316f3d8-82cf-4760-ae33-2755936983ab","84f128a7-1cf1-401d-94c9-22961eb2a414","",""
"797","0316f3d8-82cf-4760-ae33-2755936983ab","97d01db5-da07-4ce3-99ec-16d7829072b9","",""
"798","0316f3d8-82cf-4760-ae33-2755936983ab","f107eab3-6734-40a5-a4dc-0943200faa50","",""
"799","0316f3d8-82cf-4760-ae33-2755936983ab","500bcb85-e3c7-4a99-a38f-68e71c65f0ad","",""
"800","0316f3d8-82cf-4760-ae33-2755936983ab","f63fc130-157e-4dc5-a3fe-d2b784f1a591","",""
"801","0316f3d8-82cf-4760-ae33-2755936983ab","aeda85c8-8475-4632-9140-cc39e74219ef","",""
"802","0316f3d8-82cf-4760-ae33-2755936983ab","c9022d22-9be5-4860-8bfe-6afc3552f676","",""
"803","0316f3d8-82cf-4760-ae33-2755936983ab","2d9c2068-960c-4972-9053-3f0f604d4092","",""
"804","0316f3d8-82cf-4760-ae33-2755936983ab","5d5b2abf-c2ae-4d3b-9c97-a9162ae00177","",""
"805","0316f3d8-82cf-4760-ae33-2755936983ab","0fe5875e-ee96-49e1-978c-5bf08697d05e","",""
"806","0316f3d8-82cf-4760-ae33-2755936983ab","14b33e25-815d-4a08-8d42-6f823199645b","",""
"807","0316f3d8-82cf-4760-ae33-2755936983ab","c1f45590-d1af-41e7-8b42-74f34fd105c7","",""
"808","0316f3d8-82cf-4760-ae33-2755936983ab","7f854da1-ceb6-45ac-b138-a2e118df92df","",""
"809","0316f3d8-82cf-4760-ae33-2755936983ab","ef4f5bad-0e99-45af-a127-8477ccba4e21","",""
"810","0316f3d8-82cf-4760-ae33-2755936983ab","0ddae20e-9b7d-4927-ba91-bfda9fef84e9","",""
"811","0316f3d8-82cf-4760-ae33-2755936983ab","25030240-83fd-441e-a31e-5d2810a2af4a","",""
"812","0316f3d8-82cf-4760-ae33-2755936983ab","ab8674cd-ed0d-495f-9e24-1961e61fbc42","",""
"813","0316f3d8-82cf-4760-ae33-2755936983ab","f27cc9f2-8ec1-4e04-a29d-5f5e295a5bd7","",""
"814","0316f3d8-82cf-4760-ae33-2755936983ab","4d1253d3-194f-498a-a62d-001561a85a48","",""
"815","0316f3d8-82cf-4760-ae33-2755936983ab","65f040c8-757b-4f33-8a10-1a8c6ed21350","",""
"816","0316f3d8-82cf-4760-ae33-2755936983ab","cba4eb22-8d08-46c1-86a6-547d6d8ac978","",""
"817","0316f3d8-82cf-4760-ae33-2755936983ab","4347ce1d-7555-454a-84b5-2de8e62c181e","",""
"818","0316f3d8-82cf-4760-ae33-2755936983ab","84184805-c29b-4de5-8ee9-db066364c660","",""
"819","0316f3d8-82cf-4760-ae33-2755936983ab","289af7e2-bc33-4bbb-8903-e2762e05da1d","",""
"820","0316f3d8-82cf-4760-ae33-2755936983ab","942627be-2385-4794-82cc-8daddbb63b6a","",""
"821","0316f3d8-82cf-4760-ae33-2755936983ab","949a36e4-4e98-48be-903e-724086e8d8c5","",""
"822","0316f3d8-82cf-4760-ae33-2755936983ab","6af95430-df96-4e06-962d-e33f2a256b8f","",""
"823","0316f3d8-82cf-4760-ae33-2755936983ab","1575fa4a-02af-4efd-a3ac-11a06f4709a0","",""
"824","0316f3d8-82cf-4760-ae33-2755936983ab","451f433e-e1a5-4ddd-9a4c-0c9817570752","",""
"825","0316f3d8-82cf-4760-ae33-2755936983ab","5ab9904b-94a7-4272-a670-8c41d7f0a37e","",""
"826","0316f3d8-82cf-4760-ae33-2755936983ab","3f5a7068-f57a-4359-bf77-ab931f7d569c","",""
"827","0316f3d8-82cf-4760-ae33-2755936983ab","21869ff7-e0d6-4aa4-bc1a-b0d46f7a9ae9","",""
"828","0316f3d8-82cf-4760-ae33-2755936983ab","825e5db7-f559-4801-80b3-a36dbcb94904","",""
"829","0316f3d8-82cf-4760-ae33-2755936983ab","7699f1b8-4493-4ec6-8371-e81ecb619cee","",""
"830","0316f3d8-82cf-4760-ae33-2755936983ab","7957c33f-5864-4633-8f85-2c4d2c78b5a6","",""
"831","0316f3d8-82cf-4760-ae33-2755936983ab","a0da698d-706a-4bf1-853b-f1ae965c16b8","",""
"832","0316f3d8-82cf-4760-ae33-2755936983ab","136d1a66-93bc-489c-8a13-72ca94a31243","",""
"833","0316f3d8-82cf-4760-ae33-2755936983ab","c678dcba-0cdd-462e-82a0-0251f2b6829b","",""