"id","user_id","question_id","status","first_mistaken_at","last_reviewed_at"
"72","203dafeb-518f-4f26-8bb2-3552f22d5647","c51b7479-531c-47c3-ad71-5138eb2a8a38","unmastered","2025-08-31T03:07:11.002468+00:00",""
"75","c97a96e0-0bc7-413f-a265-77fa11b79792","3918c40e-4861-4faf-b187-bbbcdff8b54f","unmastered","2025-08-30T21:16:23.357363+00:00",""
"80","c97a96e0-0bc7-413f-a265-77fa11b79792","0bc50400-afa2-4a25-9876-8563a93b9596","unmastered","2025-08-31T01:55:07.892309+00:00",""
"82","c97a96e0-0bc7-413f-a265-77fa11b79792","c1a823b3-2614-4f9d-a970-e1d378445c2f","unmastered","2025-08-30T21:16:22.398858+00:00",""
"89","c97a96e0-0bc7-413f-a265-77fa11b79792","c7a78d15-1d82-4a38-b3c7-d824134bdd2b","unmastered","2025-08-30T20:11:46.291035+00:00",""
"468","c97a96e0-0bc7-413f-a265-77fa11b79792","bbbb9d29-6706-4e4b-9e94-e2f0cc427ce5","unmastered","2025-09-22T22:51:48.940386+00:00",""
"98","c97a96e0-0bc7-413f-a265-77fa11b79792","2ffc618a-747b-42e9-af9b-6133cfdde18a","unmastered","2025-09-10T03:18:14.197684+00:00",""
"280","c97a96e0-0bc7-413f-a265-77fa11b79792","c3ac1707-b534-4e42-a3e2-58aa80835e56","unmastered","2025-09-11T02:33:56.885316+00:00",""
"92","c97a96e0-0bc7-413f-a265-77fa11b79792","5af1b325-9924-401e-940f-9fad2323d217","unmastered","2025-09-10T03:14:56.959365+00:00",""
"267","c97a96e0-0bc7-413f-a265-77fa11b79792","0a78ae16-f440-489f-a038-a06365197159","unmastered","2025-09-11T02:21:09.796239+00:00",""
"338","c97a96e0-0bc7-413f-a265-77fa11b79792","3c1cf62f-ee82-4bc8-bd3b-b4302f7ab01c","unmastered","2025-09-11T05:13:55.359909+00:00",""
"469","c97a96e0-0bc7-413f-a265-77fa11b79792","e011ad94-8115-4283-a75b-821d439bb6e1","unmastered","2025-09-22T22:51:48.940386+00:00",""
"276","c97a96e0-0bc7-413f-a265-77fa11b79792","868d2852-fe3d-4c49-a6a3-a50c67a4ff16","unmastered","2025-09-11T02:30:06.130585+00:00",""
"105","c97a96e0-0bc7-413f-a265-77fa11b79792","63a6da64-0d64-4441-b2d9-8d9133555411","unmastered","2025-09-10T03:19:34.490693+00:00",""
"285","c97a96e0-0bc7-413f-a265-77fa11b79792","bd8f76e6-ff75-4b58-8982-40e5cdb6f2f0","unmastered","2025-09-11T02:34:57.140966+00:00",""
"301","c97a96e0-0bc7-413f-a265-77fa11b79792","fab30749-3a69-463e-be9e-45f9b7475874","unmastered","2025-09-11T02:41:15.287521+00:00",""
"347","c97a96e0-0bc7-413f-a265-77fa11b79792","bb8273d5-9965-4c03-9990-bdf3647d291c","unmastered","2025-09-11T05:14:49.684806+00:00",""
"306","c97a96e0-0bc7-413f-a265-77fa11b79792","44936820-ea25-4619-8082-ab23be63550e","unmastered","2025-09-11T02:45:40.621114+00:00",""
"250","a401eb6c-89fe-4325-b0bc-f682c00f6f58","5d01d05b-19c8-46e5-88ac-4e732780516b","unmastered","2025-09-10T15:13:32.749056+00:00",""
"352","c97a96e0-0bc7-413f-a265-77fa11b79792","c065205e-e365-4e26-97c3-16b016ced68b","unmastered","2025-09-11T05:15:51.642962+00:00",""
"470","c97a96e0-0bc7-413f-a265-77fa11b79792","b0e1d566-fb57-47e5-a027-eed260dffcf4","unmastered","2025-09-22T22:51:48.940386+00:00",""
"298","c97a96e0-0bc7-413f-a265-77fa11b79792","ccb458a0-7730-4491-800b-815e13be6468","unmastered","2025-09-11T02:37:15.836545+00:00",""
"364","c97a96e0-0bc7-413f-a265-77fa11b79792","1c89792c-5543-4e89-8105-a677f5aa4413","unmastered","2025-09-11T05:20:53.697282+00:00",""
"471","c97a96e0-0bc7-413f-a265-77fa11b79792","e7d434f8-23fc-4077-ae3b-ffdd2a281641","unmastered","2025-09-22T22:51:48.940386+00:00",""
"315","c97a96e0-0bc7-413f-a265-77fa11b79792","2bd3d959-73a2-43e4-8f1e-ab4193b1c429","unmastered","2025-09-11T02:47:19.302102+00:00",""
"472","c97a96e0-0bc7-413f-a265-77fa11b79792","c7ec5617-b8ff-4151-9ec9-d7b3031ce8cc","unmastered","2025-09-22T22:51:48.940386+00:00",""
"369","c97a96e0-0bc7-413f-a265-77fa11b79792","898510b8-7b5e-4278-b382-4fdc8878b5cc","unmastered","2025-09-11T05:27:04.673747+00:00",""
"374","c97a96e0-0bc7-413f-a265-77fa11b79792","6c6d0334-8c15-4b7f-9748-397d46a62fc1","unmastered","2025-09-11T05:35:42.930177+00:00",""
"108","c97a96e0-0bc7-413f-a265-77fa11b79792","fd837389-f73f-470c-a70f-c31534362a0a","unmastered","2025-09-10T03:20:14.639202+00:00",""
"136","c97a96e0-0bc7-413f-a265-77fa11b79792","02f7cd81-55e3-4fb5-af25-65baf868f4b6","unmastered","2025-09-10T03:32:56.014121+00:00",""
"379","c97a96e0-0bc7-413f-a265-77fa11b79792","e970d3e7-c7c2-4f38-9093-434290fa9312","unmastered","2025-09-11T05:37:31.653122+00:00",""
"388","c97a96e0-0bc7-413f-a265-77fa11b79792","03b66c2f-077b-4a56-87cd-284794933bc4","unmastered","2025-09-11T05:44:02.095286+00:00",""
"395","c97a96e0-0bc7-413f-a265-77fa11b79792","b7db8910-7e40-48ae-b418-12f82f5e3069","unmastered","2025-09-11T05:45:31.042154+00:00",""
"473","c97a96e0-0bc7-413f-a265-77fa11b79792","8640e245-b555-4c15-b391-6f49af174a18","unmastered","2025-09-22T22:51:48.940386+00:00",""
"400","c97a96e0-0bc7-413f-a265-77fa11b79792","5654ff83-8df2-4284-8511-a6a5f5b66b98","unmastered","2025-09-11T05:48:29.884635+00:00",""
"474","c97a96e0-0bc7-413f-a265-77fa11b79792","9b0f2e45-c97e-4318-8a9f-bab7e2469777","unmastered","2025-09-22T22:51:48.940386+00:00",""
"467","a401eb6c-89fe-4325-b0bc-f682c00f6f58","5ef19c93-df06-4516-a020-0624ac5445d5","unmastered","2025-09-12T02:00:21.292879+00:00",""
"475","c97a96e0-0bc7-413f-a265-77fa11b79792","4faa3e5c-9ac2-482d-bb89-f8bd85a47149","unmastered","2025-09-22T22:51:48.940386+00:00",""
"294","c97a96e0-0bc7-413f-a265-77fa11b79792","6e12f4e5-c084-4685-9659-22b015e6751f","unmastered","2025-09-11T02:36:26.715458+00:00",""
"476","c97a96e0-0bc7-413f-a265-77fa11b79792","5ab9904b-94a7-4272-a670-8c41d7f0a37e","unmastered","2025-09-22T22:51:48.940386+00:00",""
"207","c97a96e0-0bc7-413f-a265-77fa11b79792","1240a436-84c8-41c8-a1cf-3ad0bd1a0576","unmastered","2025-09-10T04:00:45.450099+00:00",""
"477","c97a96e0-0bc7-413f-a265-77fa11b79792","451f433e-e1a5-4ddd-9a4c-0c9817570752","unmastered","2025-09-22T22:51:48.940386+00:00",""
"478","c97a96e0-0bc7-413f-a265-77fa11b79792","1575fa4a-02af-4efd-a3ac-11a06f4709a0","unmastered","2025-09-22T22:51:48.940386+00:00",""
"479","c97a96e0-0bc7-413f-a265-77fa11b79792","6af95430-df96-4e06-962d-e33f2a256b8f","unmastered","2025-09-22T22:51:48.940386+00:00",""
"480","c97a96e0-0bc7-413f-a265-77fa11b79792","949a36e4-4e98-48be-903e-724086e8d8c5","unmastered","2025-09-22T22:51:48.940386+00:00",""
"77","c97a96e0-0bc7-413f-a265-77fa11b79792","916ce3c8-a443-4115-bd9d-8e56a8858c16","unmastered","2025-08-30T20:11:44.191913+00:00",""
"91","c97a96e0-0bc7-413f-a265-77fa11b79792","ee87da49-f6c5-4574-96f6-94299f59481c","unmastered","2025-08-30T20:11:44.273405+00:00",""
"83","c97a96e0-0bc7-413f-a265-77fa11b79792","d6f3183d-6966-4b25-9473-c9ab42c816db","unmastered","2025-08-30T20:11:44.402053+00:00",""
"79","c97a96e0-0bc7-413f-a265-77fa11b79792","88dbfa23-8da1-4f63-948e-eeac05ba77fb","unmastered","2025-08-30T20:11:45.269962+00:00",""
"65","c97a96e0-0bc7-413f-a265-77fa11b79792","020998c5-c038-4bbf-85aa-17f52e032477","unmastered","2025-08-30T20:11:45.420454+00:00",""
"405","c97a96e0-0bc7-413f-a265-77fa11b79792","7669bb5b-5925-4d80-b0d9-d74da6479587","unmastered","2025-09-11T05:49:51.65937+00:00",""
"384","c97a96e0-0bc7-413f-a265-77fa11b79792","2d351267-36c4-40fb-9a6c-313136f9cc27","unmastered","2025-09-11T05:42:40.779983+00:00",""
"254","a401eb6c-89fe-4325-b0bc-f682c00f6f58","3262eb4b-a766-4782-8d9a-189afcf34ecb","unmastered","2025-09-10T15:26:55.998173+00:00",""
"81","c97a96e0-0bc7-413f-a265-77fa11b79792","0fee5c48-367b-402b-8cd8-220c582faf6f","unmastered","2025-08-30T20:11:45.935291+00:00",""
"69","c97a96e0-0bc7-413f-a265-77fa11b79792","3eb68af5-e983-4f00-98b3-65ed9a94cb6e","unmastered","2025-08-30T21:16:21.821834+00:00",""
"257","a401eb6c-89fe-4325-b0bc-f682c00f6f58","e3c2c970-5632-4646-8b24-a06c7e432829","unmastered","2025-09-10T15:27:02.352688+00:00",""
"112","c97a96e0-0bc7-413f-a265-77fa11b79792","4263c65a-d5d7-4a8f-b243-f3acd394f825","unmastered","2025-09-10T03:21:21.784705+00:00",""
"359","c97a96e0-0bc7-413f-a265-77fa11b79792","c2c7dc11-188e-42e9-ab8f-81312b115ade","unmastered","2025-09-11T05:17:24.205744+00:00",""
"124","c97a96e0-0bc7-413f-a265-77fa11b79792","5416c2ec-6e96-41e9-9f2a-4238f9a19b40","unmastered","2025-09-10T03:27:14.654517+00:00",""
"71","c97a96e0-0bc7-413f-a265-77fa11b79792","6cbaf87d-5882-4a92-a650-4cc67d769ab9","unmastered","2025-08-30T21:16:22.327206+00:00",""
"67","c97a96e0-0bc7-413f-a265-77fa11b79792","93bc8a38-136f-4232-a54b-bfa52ed84e2f","unmastered","2025-08-30T21:16:22.748815+00:00",""
"73","c97a96e0-0bc7-413f-a265-77fa11b79792","d764350d-32e0-4d77-9483-63b946aec8fa","unmastered","2025-08-30T21:16:22.823194+00:00",""
"85","c97a96e0-0bc7-413f-a265-77fa11b79792","837cf90a-75af-425c-b608-2ff70c0dc3bd","unmastered","2025-08-30T21:16:22.887945+00:00",""
"74","c97a96e0-0bc7-413f-a265-77fa11b79792","b7de1905-e300-45f3-acb7-f0636d95e2e7","unmastered","2025-08-30T21:16:22.963687+00:00",""
"84","c97a96e0-0bc7-413f-a265-77fa11b79792","d16be592-7f4f-4ca1-9eaf-f7ba79e1e820","unmastered","2025-08-31T01:55:07.196963+00:00",""
"78","c97a96e0-0bc7-413f-a265-77fa11b79792","c8dcc45d-897c-4a82-8c9d-db2ef1b72916","unmastered","2025-08-31T01:55:07.525415+00:00",""
"87","c97a96e0-0bc7-413f-a265-77fa11b79792","7957c33f-5864-4633-8f85-2c4d2c78b5a6","unmastered","2025-08-31T02:12:38.617706+00:00",""
"70","c97a96e0-0bc7-413f-a265-77fa11b79792","a0da698d-706a-4bf1-853b-f1ae965c16b8","unmastered","2025-08-31T02:12:38.524947+00:00",""
"88","c97a96e0-0bc7-413f-a265-77fa11b79792","136d1a66-93bc-489c-8a13-72ca94a31243","unmastered","2025-08-31T02:12:38.231943+00:00",""
"86","c97a96e0-0bc7-413f-a265-77fa11b79792","7699f1b8-4493-4ec6-8371-e81ecb619cee","unmastered","2025-08-31T02:12:38.716733+00:00",""
"66","c97a96e0-0bc7-413f-a265-77fa11b79792","21869ff7-e0d6-4aa4-bc1a-b0d46f7a9ae9","unmastered","2025-08-31T02:12:39.501961+00:00",""
"68","c97a96e0-0bc7-413f-a265-77fa11b79792","c678dcba-0cdd-462e-82a0-0251f2b6829b","unmastered","2025-08-31T02:12:38.098962+00:00",""
"482","c97a96e0-0bc7-413f-a265-77fa11b79792","9661dc10-1e4a-425b-a4f5-8c4f58564149","unmastered","2025-09-22T22:52:32.467496+00:00",""
"483","c97a96e0-0bc7-413f-a265-77fa11b79792","1af15599-6c28-4d34-93d8-d8fe6fd55d36","unmastered","2025-09-22T22:52:32.467496+00:00",""
"484","c97a96e0-0bc7-413f-a265-77fa11b79792","4f2f345b-fab6-4a82-9d6f-a6328f7afa27","unmastered","2025-09-22T22:52:32.467496+00:00",""
"485","c97a96e0-0bc7-413f-a265-77fa11b79792","b4e2b639-e402-408a-a508-42e8321a9782","unmastered","2025-09-22T22:52:32.467496+00:00",""
"486","c97a96e0-0bc7-413f-a265-77fa11b79792","333119b0-851b-4349-b034-1572efefae1e","unmastered","2025-09-22T22:52:32.467496+00:00",""
"487","c97a96e0-0bc7-413f-a265-77fa11b79792","df50fb85-8dac-4d17-814a-dcf3259d975f","unmastered","2025-09-22T22:52:32.467496+00:00",""
"488","c97a96e0-0bc7-413f-a265-77fa11b79792","f0c49c61-78af-4279-adec-2e42d6b0ac88","unmastered","2025-09-22T22:52:32.467496+00:00",""
"489","c97a96e0-0bc7-413f-a265-77fa11b79792","a5a37fa0-e8ea-437c-8601-2296e2947ef3","unmastered","2025-09-22T22:52:32.467496+00:00",""
"490","c97a96e0-0bc7-413f-a265-77fa11b79792","8abdda4e-0eb7-493f-9bf8-41d872dee10e","unmastered","2025-09-22T22:52:32.467496+00:00",""
"491","c97a96e0-0bc7-413f-a265-77fa11b79792","c4b202e8-aaf5-4bf8-9542-13df7aba8f49","unmastered","2025-09-22T22:52:32.467496+00:00",""
"492","c97a96e0-0bc7-413f-a265-77fa11b79792","7f0de0ff-4ddb-46fe-a080-ed3990eb936e","unmastered","2025-09-22T22:52:32.467496+00:00",""
"493","a401eb6c-89fe-4325-b0bc-f682c00f6f58","c824a6fa-40c3-4e44-9317-70ee9a1e3e60","unmastered","2025-09-22T22:52:34.920315+00:00",""
"494","a401eb6c-89fe-4325-b0bc-f682c00f6f58","9a10fecf-d18a-401a-b54f-e77e5fc009a6","unmastered","2025-09-22T22:52:34.920315+00:00",""
"495","a401eb6c-89fe-4325-b0bc-f682c00f6f58","2614c7fd-fe9d-4c73-bb6f-eb159cee9637","unmastered","2025-09-22T22:52:34.920315+00:00",""
"496","a401eb6c-89fe-4325-b0bc-f682c00f6f58","2479c79f-fdac-4a1f-8f3b-e6ec3f5ccbf1","unmastered","2025-09-22T22:52:34.920315+00:00",""
"497","a401eb6c-89fe-4325-b0bc-f682c00f6f58","23a8c1e3-821d-4e71-8d37-cba6f37c2862","unmastered","2025-09-22T22:52:34.920315+00:00",""
"498","a401eb6c-89fe-4325-b0bc-f682c00f6f58","35924f32-1611-4981-9b69-abfe40dbe5e7","unmastered","2025-09-22T22:52:34.920315+00:00",""
"499","a401eb6c-89fe-4325-b0bc-f682c00f6f58","c8c7be50-6204-4088-a2a8-77f83d28fc76","unmastered","2025-09-22T22:52:34.920315+00:00",""
"500","a401eb6c-89fe-4325-b0bc-f682c00f6f58","ffaf8766-de0f-4646-ab40-371a1850820f","unmastered","2025-09-22T22:52:34.920315+00:00",""
"501","a401eb6c-89fe-4325-b0bc-f682c00f6f58","3b3a1787-ccf0-4ac4-a94d-bed037b4239f","unmastered","2025-09-22T22:52:34.920315+00:00",""
"502","a401eb6c-89fe-4325-b0bc-f682c00f6f58","3039e24f-7fc8-453b-8d4d-861ccc517108","unmastered","2025-09-22T22:52:34.920315+00:00",""
"503","a401eb6c-89fe-4325-b0bc-f682c00f6f58","0195c093-1a4a-4fe4-b080-68ee229f5f07","unmastered","2025-09-22T22:52:34.920315+00:00",""
"504","a401eb6c-89fe-4325-b0bc-f682c00f6f58","c578db49-f3b6-421e-b5b5-7a7c7e0c527c","unmastered","2025-09-22T22:52:34.920315+00:00",""
"505","a401eb6c-89fe-4325-b0bc-f682c00f6f58","9849f332-6fcb-4925-9090-b45f700c225e","unmastered","2025-09-22T22:52:34.920315+00:00",""
"506","a401eb6c-89fe-4325-b0bc-f682c00f6f58","6756a463-b026-40c4-807d-8c882736551a","unmastered","2025-09-22T22:52:34.920315+00:00",""
"507","a401eb6c-89fe-4325-b0bc-f682c00f6f58","aa40e2d5-888e-4a85-a920-cad15e82912b","unmastered","2025-09-22T22:52:34.920315+00:00",""
"508","a401eb6c-89fe-4325-b0bc-f682c00f6f58","fe44346d-6e30-4cee-8ca2-44734ceed5f2","unmastered","2025-09-22T22:52:34.920315+00:00",""
"509","a401eb6c-89fe-4325-b0bc-f682c00f6f58","d5262f3c-aa06-4dd6-8b55-1ba63407d15c","unmastered","2025-09-22T22:52:34.920315+00:00",""
"510","a401eb6c-89fe-4325-b0bc-f682c00f6f58","9ea3b15d-7545-4952-8550-59d2ed1d618d","unmastered","2025-09-22T22:52:34.920315+00:00",""
"511","a401eb6c-89fe-4325-b0bc-f682c00f6f58","54d4f7aa-3220-449f-8fd1-b865b8eb9fdf","unmastered","2025-09-22T22:52:34.920315+00:00",""
"512","a401eb6c-89fe-4325-b0bc-f682c00f6f58","de07e346-cdaa-466d-b549-c4aec1c1ab1f","unmastered","2025-09-22T22:52:34.920315+00:00",""
"513","a401eb6c-89fe-4325-b0bc-f682c00f6f58","055ed766-e111-4a92-9ad7-d163c22c590a","unmastered","2025-09-22T22:52:34.920315+00:00",""
"514","c97a96e0-0bc7-413f-a265-77fa11b79792","bdf4aa69-9c07-4879-a80e-a110331419bf","unmastered","2025-09-22T22:52:37.161834+00:00",""
"515","c97a96e0-0bc7-413f-a265-77fa11b79792","91997b89-f8ce-40da-bb01-4c5bb06e685b","unmastered","2025-09-22T22:52:37.161834+00:00",""
"516","c97a96e0-0bc7-413f-a265-77fa11b79792","1c35e796-74ee-4270-bad9-b6294c760f72","unmastered","2025-09-22T22:52:37.161834+00:00",""
"517","c97a96e0-0bc7-413f-a265-77fa11b79792","a6b0e44d-f454-45e2-b57d-5d66a30411bc","unmastered","2025-09-22T22:52:37.161834+00:00",""
"518","c97a96e0-0bc7-413f-a265-77fa11b79792","085d2f93-992a-422b-98b7-db7771519235","unmastered","2025-09-22T22:52:37.161834+00:00",""
"519","c97a96e0-0bc7-413f-a265-77fa11b79792","6e888863-cdf1-4357-82b4-4501d364a0a5","unmastered","2025-09-22T22:52:37.161834+00:00",""
"520","c97a96e0-0bc7-413f-a265-77fa11b79792","9dd1ce8c-89f3-4c48-88c6-380e2e5409b9","unmastered","2025-09-22T22:52:37.161834+00:00",""
"521","c97a96e0-0bc7-413f-a265-77fa11b79792","99401e17-a71f-47a0-baa7-0f13c2ef2397","unmastered","2025-09-22T22:52:37.161834+00:00",""
"522","c97a96e0-0bc7-413f-a265-77fa11b79792","a01d98de-dbc1-42d0-a44e-f61dbbce38d2","unmastered","2025-09-22T22:52:37.161834+00:00",""
"523","c97a96e0-0bc7-413f-a265-77fa11b79792","ffa6c935-fbd2-46b4-b0be-7e943c33f67b","unmastered","2025-09-22T22:52:37.161834+00:00",""
"524","c97a96e0-0bc7-413f-a265-77fa11b79792","d4fd6027-5a98-4e3f-9cee-7ff10a73c2ac","unmastered","2025-09-22T22:52:37.161834+00:00",""
"525","c97a96e0-0bc7-413f-a265-77fa11b79792","40e18247-4d24-42d1-ae45-aa3b60ec949c","unmastered","2025-09-22T22:52:37.161834+00:00",""
"528","a401eb6c-89fe-4325-b0bc-f682c00f6f58","41d49b21-3cb4-4bb4-968e-671eb2fc36e2","unmastered","2025-09-22T22:52:42.3236+00:00",""
"582","c97a96e0-0bc7-413f-a265-77fa11b79792","696b7682-bb71-483f-ba06-b7e58fa5a290","unmastered","2025-09-22T22:53:11.383566+00:00",""
"613","c97a96e0-0bc7-413f-a265-77fa11b79792","4347ce1d-7555-454a-84b5-2de8e62c181e","unmastered","2025-09-22T22:53:15.516022+00:00",""
"584","c97a96e0-0bc7-413f-a265-77fa11b79792","289af7e2-bc33-4bbb-8903-e2762e05da1d","unmastered","2025-09-22T22:53:11.383566+00:00",""
"76","c97a96e0-0bc7-413f-a265-77fa11b79792","825e5db7-f559-4801-80b3-a36dbcb94904","unmastered","2025-08-31T02:12:39.284101+00:00",""
"456","a401eb6c-89fe-4325-b0bc-f682c00f6f58","1f69a842-5f1c-45f8-9b39-3cd6e5a9a3ad","unmastered","2025-09-11T13:42:13.35354+00:00",""
"251","a401eb6c-89fe-4325-b0bc-f682c00f6f58","893146c9-4102-4ff2-8c6a-8dbce92c2289","unmastered","2025-09-10T15:13:34.880979+00:00",""
"119","c97a96e0-0bc7-413f-a265-77fa11b79792","da7930c0-0e60-4039-8d7b-91394bfaf5f3","unmastered","2025-09-10T03:25:57.125305+00:00",""
"128","c97a96e0-0bc7-413f-a265-77fa11b79792","e8459213-5e26-4f7a-850e-f18cbe3bf0a5","unmastered","2025-09-10T03:27:59.348075+00:00",""
"132","c97a96e0-0bc7-413f-a265-77fa11b79792","99e6585f-54b1-4733-ade5-70eae11959f0","unmastered","2025-09-10T03:32:05.785674+00:00",""
"139","c97a96e0-0bc7-413f-a265-77fa11b79792","40cf0acd-42d5-4a8d-a9d7-ec19844d2f9d","unmastered","2025-09-10T03:33:12.998135+00:00",""
"142","c97a96e0-0bc7-413f-a265-77fa11b79792","c328ecda-068a-48ba-a5c3-9647a1a9cdb0","unmastered","2025-09-10T03:33:21.590928+00:00",""
"147","c97a96e0-0bc7-413f-a265-77fa11b79792","04db99b2-04d6-4883-924e-26b8e7e4f1b9","unmastered","2025-09-10T03:33:35.663293+00:00",""
"151","c97a96e0-0bc7-413f-a265-77fa11b79792","00657e04-8e9f-45d5-8c09-8c55b724d556","unmastered","2025-09-10T03:34:54.275251+00:00",""
"159","c97a96e0-0bc7-413f-a265-77fa11b79792","3b528fba-28fa-4210-b43a-ead4ba4ffd08","unmastered","2025-09-10T03:35:28.504793+00:00",""
"168","c97a96e0-0bc7-413f-a265-77fa11b79792","b1c0e51d-6174-49fd-ad70-72c20b49dc1d","unmastered","2025-09-10T03:39:53.674396+00:00",""
"183","c97a96e0-0bc7-413f-a265-77fa11b79792","388e0081-c37c-417d-bd2a-7b42e54bfba5","unmastered","2025-09-10T03:48:49.351379+00:00",""
"186","c97a96e0-0bc7-413f-a265-77fa11b79792","c01e1f56-5c8d-4a44-be49-4ba97952000f","unmastered","2025-09-10T03:51:51.223348+00:00",""
"189","c97a96e0-0bc7-413f-a265-77fa11b79792","bd9ee5a6-af44-4036-b2f3-b6c1e3e738cd","unmastered","2025-09-10T03:53:11.937709+00:00",""
"194","c97a96e0-0bc7-413f-a265-77fa11b79792","8aae6332-1fec-4380-85d4-a5a7ad05cad1","unmastered","2025-09-10T03:54:47.44428+00:00",""
"211","c97a96e0-0bc7-413f-a265-77fa11b79792","325d8975-27e4-4205-9def-aa586f1dd6e2","unmastered","2025-09-10T04:11:20.168418+00:00",""
"202","c97a96e0-0bc7-413f-a265-77fa11b79792","3de401a4-7d30-42e9-acc1-a7589d1b217d","unmastered","2025-09-10T03:59:57.983687+00:00",""
"409","c97a96e0-0bc7-413f-a265-77fa11b79792","94d7ea46-f959-420a-92f8-c363e30ac6b0","unmastered","2025-09-11T05:51:40.672067+00:00",""
"421","c97a96e0-0bc7-413f-a265-77fa11b79792","b5e4520c-144a-4576-87c3-7ffc73023ea0","unmastered","2025-09-11T05:57:33.477596+00:00",""
"583","c97a96e0-0bc7-413f-a265-77fa11b79792","6565d6c3-9819-4991-bc98-d8243082400f","unmastered","2025-09-22T22:53:11.383566+00:00",""
"585","c97a96e0-0bc7-413f-a265-77fa11b79792","84184805-c29b-4de5-8ee9-db066364c660","unmastered","2025-09-22T22:53:11.383566+00:00",""
"481","c97a96e0-0bc7-413f-a265-77fa11b79792","942627be-2385-4794-82cc-8daddbb63b6a","unmastered","2025-09-22T22:51:48.940386+00:00",""
"600","c97a96e0-0bc7-413f-a265-77fa11b79792","4d836e36-bb0d-4039-a064-8455423b9c88","unmastered","2025-09-22T22:53:15.516022+00:00",""
"601","c97a96e0-0bc7-413f-a265-77fa11b79792","a7b86338-e77f-4001-88e0-de201f547b6b","unmastered","2025-09-22T22:53:15.516022+00:00",""
"602","c97a96e0-0bc7-413f-a265-77fa11b79792","f9fdb81d-c0e3-4e79-9a48-8fd242171a60","unmastered","2025-09-22T22:53:15.516022+00:00",""
"603","c97a96e0-0bc7-413f-a265-77fa11b79792","d913bf3a-2e4d-4f23-b030-18ca186ab3b9","unmastered","2025-09-22T22:53:15.516022+00:00",""
"604","c97a96e0-0bc7-413f-a265-77fa11b79792","4f25e072-9bdd-4d1e-a1ef-979b975cea65","unmastered","2025-09-22T22:53:15.516022+00:00",""
"605","c97a96e0-0bc7-413f-a265-77fa11b79792","42377094-6075-412a-9f77-b5aa693941cb","unmastered","2025-09-22T22:53:15.516022+00:00",""
"606","c97a96e0-0bc7-413f-a265-77fa11b79792","b55ef7ad-76b0-4daf-91e3-f9334e2f4341","unmastered","2025-09-22T22:53:15.516022+00:00",""
"607","c97a96e0-0bc7-413f-a265-77fa11b79792","9bae9da0-73c0-46c5-a852-608515c48f04","unmastered","2025-09-22T22:53:15.516022+00:00",""
"608","c97a96e0-0bc7-413f-a265-77fa11b79792","e26d8ee2-6ccd-4b0c-a260-90313d78a475","unmastered","2025-09-22T22:53:15.516022+00:00",""
"609","c97a96e0-0bc7-413f-a265-77fa11b79792","cdd441c0-db1a-4d00-9d97-a200f496ba35","unmastered","2025-09-22T22:53:15.516022+00:00",""
"610","c97a96e0-0bc7-413f-a265-77fa11b79792","b9f8a7dc-d809-43de-b87f-cbef498a39eb","unmastered","2025-09-22T22:53:15.516022+00:00",""
"611","c97a96e0-0bc7-413f-a265-77fa11b79792","3b26f945-45f3-4b06-b77e-74a6021f5eb0","unmastered","2025-09-22T22:53:15.516022+00:00",""
"90","c97a96e0-0bc7-413f-a265-77fa11b79792","3f5a7068-f57a-4359-bf77-ab931f7d569c","unmastered","2025-08-31T02:12:39.588076+00:00",""